Workbook

Sheet 안내
A1: PREP 경쟁사 DB & BM 매핑 수집 시트
A2: 작성 기준: db_구축_설계서.md V3.1 (2026-07-20) §3.5, §3.6, §6.3
A4: [시트 구성]
A5: ① competitors — 경쟁사 직접 조사 데이터를 입력하는 시트. 노란색 셀만 채우면 됨.
A6: ② bm_mapping — competitors에 입력된 (category_1, category_2, target, service_type, bm_pattern) 고유 조합을 자동으로 찾아
A7: frequency_score/precedent_level/contributing_competitor_ids까지 전부 수식으로 채우는 시트. 이 시트에는 직접 입력할 셀이 없음.
A8: → competitors에 새 행을 추가하고 bm_pattern까지 채우면, bm_mapping에 새 조합이 자동으로 나타남.
A10: [2026-07-20 변경] category(5종, 단일축) → category_1(질병축)+category_2(기능축) 2축으로 교체
A11: - category_1(질병축, 8종): 수면 / 정신건강 / 운동 / 식단 / 만성질환 / 여성건강 / 유전자 / 미용
A12: - category_2(기능축, 4종): 정보제공 / 데이터기록관리 / 매칭연결 / 개입치료
A13: - data_type(라이프스타일/생체지표)은 그대로 유지 — GATE 규제 판단·경쟁포화도 유사도 계산 전용, category_1/2와는 별개 축
A15: [자동 갱신이 안 될 때]
... A39: - evidence_id는 MVP 범위 제외(수동 큐레이션 정보라 VIEW로 표현 불가) — 필요 시 별도 참고용으로만 사용

Sheet competitors
A1: competitor_id | B1: name | C1: category_1 | D1: category_2 | E1: country | F1: tier | G1: data_type | H1: target | I1: service_type | J1: core_tags | K1: sub_tags | L1: bm_pattern | M1: note | N1: created_at | O1: updated_at | P1: updated_at | Q1: updated_at | R1: updated_at | S1: limitation | T1: price
A2: CP001 | B2: 눔(Noom) | C2: 식단 | D2: 개입치료 | E2: 미국 | F2: 카테고리리더 | G2: 라이프스타일 | H2: 다이어터,20-40대 | I2: 앱단독 | J2: 식단기록,체중관리 | K2: 커뮤니티,코칭 | L2: Subscription(구독형) | M2: 예시행 - 실제 데이터로 교체 | N2: 2026-07-20 | O2: 2026-07-20 | P2: =IF(L2="","",C2&"|"&D2&"|"&H2&"|"&I2&"|"&L2) | Q2: =IF(P2="",0,IF(COUNTIF($P$2:P2,P2)=1,1,0)) | R2: =IF(Q2=1,SUM($Q$2:Q2),"")
A3: CP002 | B3: 삼성헬스 | C3: 운동 | D3: 데이터기록관리 | E3: 한국 | F3: 플랫폼 | G3: 생체지표 | H3: 전연령 | I3: 웨어러블연동 | J3: 심박수,걸음수,수면 | K3: 스트레스지수 | L3: Lock-in(락인) | M3: 예시행 - 실제 데이터로 교체 | N3: 2026-07-20 | O3: 2026-07-20 | P3: =IF(L3="","",C3&"|"&D3&"|"&H3&"|"&I3&"|"&L3) | Q3: =IF(P3="",0,IF(COUNTIF($P$2:P3,P3)=1,1,0)) | R3: =IF(Q3=1,SUM($Q$2:Q3),"")
A4: CP003 | B4: 핑크 다이어리 | C4: 여성건강 | D4: 데이터기록관리 | E4: 한국 | F4: 카테고리리더 | G4: 라이프스타일 | H4: 가임기 여성 | I4: 앱단독 | J4: 생리주기,배란예측 | K4: 임신확률,매거진구독 | L4: Freemium(프리미엄) | M4: 대한산부인과의사회 공식앱, 누적설치 680만 | N4: 46225 | O4: 46225 | P4: =IF(L4="","",C4&"|"&D4&"|"&H4&"|"&I4&"|"&L4) | Q4: =IF(P4="",0,IF(COUNTIF($P$2:P4,P4)=1,1,0)) | R4: =IF(Q4=1,SUM($Q$2:Q4),"") | S4: 생리주기 예측은 통계적 추정 방식이라 개인차가 크고 배란일·임신 확률을 보장하지 않으며, 전문 의료 상담을 대체하지 않음 | T4: 기본 앱 무료(회원가입만으로 전 기능 이용 가능); 매거진 구독도 무료, 명확한 유료 인앱상품은 확인되지 않음
A5: CP004 | B5: 마미톡 | C5: 여성건강 | D5: 정보제공 | E5: 한국 | F5: 플랫폼 | G5: 라이프스타일 | H5: 임산부,초보양육자 | I5: 앱단독 | J5: 임신출산정보,커뮤니티 | K5: 육아용품쇼핑,전문가상담 | L5: Two-sided Market(양면시장) | M5: 대한민국 임신출산육아 대표앱 | N5: 46225 | O5: 46225 | P5: =IF(L5="","",C5&"|"&D5&"|"&H5&"|"&I5&"|"&L5) | Q5: =IF(P5="",0,IF(COUNTIF($P$2:P5,P5)=1,1,0)) | R5: =IF(Q5=1,SUM($Q$2:Q5),"") | S5: 분만병원 제휴 기반 광고·커머스 수익 구조라 정보 상당수가 협찬·판매 연계 콘텐츠일 수 있으며, 의료적 진단이나 상담을 대체하지 않음 | T5: 기본 앱·커뮤니티 이용 무료; 유료 전문가 클래스 멤버십 월 29,000원(1개월)~149,000원(12개월, 월환산 약 12,400원)
A6: CP005 | B6: 블룸 | C6: 여성건강 | D6: 개입치료 | E6: 한국 | F6: 일반경쟁자 | G6: 라이프스타일 | H6: 난임부부 | I6: B2B2C(기업복지제휴) | J6: 난임관리,임신준비프로그램 | K6: 난임시술케어,코칭 | L6: Performance-based Contracting(성과기반계약) | M6: LG화학 사내벤처, 기업 복지제휴 형태 | N6: 46225 | O6: 46225 | P6: =IF(L6="","",C6&"|"&D6&"|"&H6&"|"&I6&"|"&L6) | Q6: =IF(P6="",0,IF(COUNTIF($P$2:P6,P6)=1,1,0)) | R6: =IF(Q6=1,SUM($Q$2:Q6),"") | S6: LG화학의 특정 난임치료 사업과 연계된 기업 운영 앱으로, 콘텐츠가 자사 제품·파트너 병원 중심으로 편중될 수 있으며 실제 진료·시술은 제공하지 않음 | T6: 완전 무료(LG화학이 운영하는 기업 브랜드 앱, 별도 결제 없음)
A7: CP006 | B7: 자기만의방 | C7: 여성건강 | D7: 정보제공 | E7: 한국 | F7: 일반경쟁자 | G7: 라이프스타일 | H7: 여성 전연령 | I7: 앱단독 | J7: 성건강정보,커뮤니티 | K7: 이커머스연계 | L7: Freemium(프리미엄) | M7: 성 지식 콘텐츠, 커뮤니티 플랫폼 | N7: 46225 | O7: 46225 | P7: =IF(L7="","",C7&"|"&D7&"|"&H7&"|"&I7&"|"&L7) | Q7: =IF(P7="",0,IF(COUNTIF($P$2:P7,P7)=1,1,0)) | R7: =IF(Q7=1,SUM($Q$2:Q7),"") | S7: 성 지식 콘텐츠와 커머스 중심이라 의학적 진단이나 개인별 건강 상담 기능은 없으며, 심화 콘텐츠는 구독 결제가 필요함 | T7: 기본 콘텐츠·커뮤니티 무료; 전체 콘텐츠 무제한 이용 시 구독형 결제 월 4,900원 또는 연 47,000원
A8: CP007 | B8: 해피문데이 | C8: 여성건강 | D8: 개입치료 | E8: 한국 | F8: 일반경쟁자 | G8: 라이프스타일 | H8: 가임기여성 | I8: D2C구독 | J8: 유기농생리대,생리용품 | K8: 주기예측,정기배송 | L8: Subscription(구독형) | M8: 여성 헬스케어 기업, 중기부 TIPS 지원 기업 선정. 유기농 생리대 등 여성용품 정기구독 서비스 | N8: 46228 | O8: 46228 | P8: =IF(L8="","",C8&"|"&D8&"|"&H8&"|"&I8&"|"&L8) | Q8: =IF(P8="",0,IF(COUNTIF($P$2:P8,P8)=1,1,0)) | R8: =IF(Q8=1,SUM($Q$2:Q8),"") | S8: 여성용품 판매(D2C 커머스)가 핵심 수익원이라 앱의 건강정보·주기관리 기능이 결국 자사 제품 구매로 유도하는 구조이며, 의료 상담을 대체하지 않음 | T8: 앱·멤버십 자체 이용료는 없음; 유기농 생리대 등 제품은 건별 구매(중형 생리대 1팩 약 5,000~8,000원대)이며 정기구독 시 할인·무료배송 적용
A9: CP008 | B9: 렛허 | C9: 여성건강 | D9: 정보제공 | E9: 한국 | F9: 일반경쟁자 | G9: 라이프스타일 | H9: 2030 여성 | I9: 웹/커머스 | J9: 여성웰니스콘텐츠 | K9: 쇼핑몰 | L9: Add-on(애드온) | M9: 여성 웰니스 전문 미디어 & 쇼핑몰. 펨테크 얼라이언스 참여사 | N9: 46228 | O9: 46228 | P9: =IF(L9="","",C9&"|"&D9&"|"&H9&"|"&I9&"|"&L9) | Q9: =IF(P9="",0,IF(COUNTIF($P$2:P9,P9)=1,1,0)) | R9: =IF(Q9=1,SUM($Q$2:Q9),"") | S9: 미디어 콘텐츠와 커머스가 결합된 소규모 스타트업으로 판매 제품 소싱과 큐레이션 범위가 제한적이며, 자체 임상·의학적 검증을 거친 콘텐츠는 아님 | T9: 콘텐츠 열람은 무료; 매출은 쇼핑몰 제품 판매 기반이며 제품군별 가격 상이
A10: CP009 | B10: 달채비 | C10: 여성건강 | D10: 데이터기록관리 | E10: 한국 | F10: 일반경쟁자 | G10: 생체지표 | H10: 가임기여성 | I10: 앱단독 | J10: 월경데이터,AI맞춤추천 | K10: 여성건강습관코칭 | L10: Leverage Customer Data(데이터활용) | M10: 디에이엘컴퍼니(이화여대 창업팀) 운영. 월경 데이터를 분석해 개인별 월경용품·건강습관을 코칭하는 펨테크 앱 | N10: 46228 | O10: 46228 | P10: =IF(L10="","",C10&"|"&D10&"|"&H10&"|"&I10&"|"&L10) | Q10: =IF(P10="",0,IF(COUNTIF($P$2:P10,P10)=1,1,0)) | R10: =IF(Q10=1,SUM($Q$2:Q10),"") | S10: 이화여대 창업팀 기반의 초기 스타트업으로 이용자 규모와 수익모델이 아직 검증 단계이며, 월경·호르몬 분석 결과가 의학적 진단을 대체하지 않음 | T10: 앱 기본 기능 무료; 명확한 유료 구독 상품·결제 정보는 공개 자료에서 확인되지 않음(현재는 무료 서비스로 추정)
A11: CP010 | B11: 달다방 | C11: 여성건강 | D11: 데이터기록관리 | E11: 한국 | F11: 플랫폼 | G11: 라이프스타일 | H11: 여성 전연령(청소년 포함) | I11: 앱단독 | J11: 생리주기관리,초경교육 | K11: 커뮤니티,콘텐츠,커머스 | L11: Leverage Customer Data(데이터활용) | M11: 유한킴벌리가 직접 운영하는 여성건강 플랫폼. 2026년 5월 커머스·콘텐츠 결합형으로 대대적 개편, 멀티프로필로 가족 생리주기 관리 지원 | N11: 46229 | O11: 46229 | P11: =IF(L11="","",C11&"|"&D11&"|"&H11&"|"&I11&"|"&L11) | Q11: =IF(P11="",0,IF(COUNTIF($P$2:P11,P11)=1,1,0)) | R11: =IF(Q11=1,SUM($Q$2:Q11),"") | S11: 유한킴벌리 자사·제휴 여성용품 판매와 연계된 기업 운영 앱이라 추천 제품이 자사 브랜드 위주로 편중될 수 있음 | T11: 완전 무료(유한킴벌리가 직접 운영하는 브랜드 앱; 앱 내 커머스는 제품 구매 시에만 별도 결제)
A12: CP011 | B12: 베이비빌리 | C12: 여성건강 | D12: 정보제공 | E12: 한국 | F12: 카테고리리더 | G12: 라이프스타일 | H12: 임산부,예비부모 | I12: 앱단독 | J12: 임신육아정보,커뮤니티(베동) | K12: 빌리쇼핑(커머스) | L12: Two-sided Market(양면시장) | M12: 빌리지베이비 운영. 200만 이용자를 보유한 임신·육아 콘텐츠·커머스 앱으로 2025년 말~2026년 초에도 활발히 이벤트 진행 중 | N12: 46229 | O12: 46229 | P12: =IF(L12="","",C12&"|"&D12&"|"&H12&"|"&I12&"|"&L12) | Q12: =IF(P12="",0,IF(COUNTIF($P$2:P12,P12)=1,1,0)) | R12: =IF(Q12=1,SUM($Q$2:Q12),"") | S12: 커뮤니티 게시물에 대한 AI 자동 모니터링에 의존하는 구조라 잘못된 정보나 비검증 후기가 유통될 수 있으며, 전문 의료 상담을 대체하지 않음 | T12: 완전 무료(커뮤니티·콘텐츠·쇼핑 전 기능 무료 제공, 커머스 판매 수수료가 주요 수익원)
A13: CP012 | B13: 카이헬스 | C13: 여성건강 | D13: 개입치료 | E13: 한국 | F13: 일반경쟁자 | G13: 생체지표 | H13: 난임부부 | I13: B2B(의료기관 대상 SaaS) | J13: 난임AI솔루션,배아분석 | K13: 비타 엠브리오 | L13: Performance-based Contracting(성과기반계약) | M13: 산부인과 전문의 출신이 창업. AI로 배아 영상을 분석해 임신 성공률이 높은 배아를 선별하는 솔루션을 국내외 병원과 제휴해 제공 | N13: 46229 | O13: 46229 | P13: =IF(L13="","",C13&"|"&D13&"|"&H13&"|"&I13&"|"&L13) | Q13: =IF(P13="",0,IF(COUNTIF($P$2:P13,P13)=1,1,0)) | R13: =IF(Q13=1,SUM($Q$2:Q13),"") | S13: 일반 소비자가 직접 이용할 수 없고 제휴 의료기관을 통해서만 접근 가능하며, AI 배아 선별은 임신 성공률을 높이는 보조 수단일 뿐 시술 성공을 보장하지 않음 | T13: B2B(의료기관 대상 계약형) 솔루션으로 소비자 대상 공개 가격 없음; 병원별 계약 조건에 따라 이용료가 상이한 것으로 추정
A14: CP013 | B14: 듀이랩스(포이컵) | C14: 여성건강 | D14: 개입치료 | E14: 한국 | F14: 일반경쟁자 | G14: 라이프스타일 | H14: 가임기여성 | I14: D2C(제조판매) | J14: 월경디스크,다회용생리컵 | K14: 식약처·FDA 허가 | L14: Razor And Blade(레이저블레 | M14: 국내 최초 디스크형 월경컵 '포이컵'을 개발한 페미닌 헬스케어 스타트업. 2026년 기준 5년차 중소기업으로 운영 중 | N14: 46229 | O14: 46229 | P14: =IF(L14="","",C14&"|"&D14&"|"&H14&"|"&I14&"|"&L14) | Q14: =IF(P14="",0,IF(COUNTIF($P$2:P14,P14)=1,1,0)) | R14: =IF(Q14=1,SUM($Q$2:Q14),"") | S14: 삽입형 월경용품 특성상 신체 구조에 따라 착용감·적합도 차이가 크고, 원사이즈로만 판매돼 사용자에 따라 불편함을 느낄 수 있음 | T14: 포이컵 본품 정가 34,500원(1회 구매 후 반영구적 사용); 별도 구독료 없음
A15: CP014 | B15: 슈얼리(Surely) | C15: 여성건강 | D15: 개입치료 | E15: 한국 | F15: 일반경쟁자 | G15: 생체지표 | H15: 가임기~갱년기 여성 | I15: 기기+소모품(D2C) | J15: 배란테스트기,폐경호르몬(FSH)테스트기 | K15: 스마트기기 연동 | L15: Razor And Blade(레이저블레 | M15: 스마트 배란테스트기·임신테스트기·폐경호르몬테스트기를 기기 본체와 스트립(소모품) 형태로 판매하는 여성 호르몬 자가진단 브랜드 | N15: 46229 | O15: 46229 | P15: =IF(L15="","",C15&"|"&D15&"|"&H15&"|"&I15&"|"&L15) | Q15: =IF(P15="",0,IF(COUNTIF($P$2:P15,P15)=1,1,0)) | R15: =IF(Q15=1,SUM($Q$2:Q15),"") | S15: 스마트 기기와 스트립을 함께 구매해야 하는 소모품 구조로 초기 비용 부담이 있고, 자가진단 결과가 병원 호르몬 검사를 대체하지 않음 | T15: 스마트 기기 본체 약 5.8만원대(정가)에 테스트 스트립 10~30개입 1.4만~5만원대를 별도 구매; 비(非)스마트 스트립형은 1.4만~2만원대
... A25: CP024 | B25: 잼페이스 | C25: 미용 | D25: 정보제공 | E25: 한국 | F25: 일반경쟁자 | G25: 생체지표 | H25: 전연령뷰티소비자 | I25: 앱단독 | J25: AI퍼스널컬러진단,가상메이크업,화장품검색/추천 | K25: 리뷰,맞춤추천,쇼핑연계 | L25: Freemium(프리미엄) | M25: 2018년 출시, 정기 랭킹/투표 기반 화장품 큐레이션 서비스 | N25: 46225 | O25: 46225 | P25: =IF(L25="","",C25&"|"&D25&"|"&H25&"|"&I25&"|"&L25) | Q25: =IF(P25="",0,IF(COUNTIF($P$2:P25,P25)=1,1,0)) | R25: =IF(Q25=1,SUM($Q$2:Q25),"") | S25: AI 퍼스널컬러·피부진단이 카메라·조명 등 촬영 환경에 따라 정확도가 달라질 수 있고, 진단 결과가 협찬·광고 제품 추천으로 연결될 가능성이 있음 | T25: 앱 이용 무료; 화장품 매칭·광고 수익 기반
A26: CP025 | B26: 마메드네(구 카카오헤어샵) | C26: 미용 | D26: 매칭연결 | E26: 한국 | F26: 카테고리리더 | G26: 라이프스타일 | H26: 여성 전연령 | I26: 앱단독 | J26: 헤어샵예약,AI헤어시뮬레이션 | K26: 네일,왁싱,에스테틱 예약 | L26: Self-service(셀프서비스) | M26: 2016년 카카오헤어샵으로 출시, 2024년 스타트업 '글리티(Glity)'가 인수해 '마메드네'로 리브랜딩. AI 헤어 시뮬레이션으로 실제 디자이너 시술 포트폴리오 기반 스타일을 미리 확인 후 예약 가능 | N26: 46243 | O26: 46243 | P26: 예약 시스템을 도입한 매장 자체가 아직 많지 않아 이용 가능 지역·매장이 제한적이고, 실제 방문 시 이벤트 쿠폰 외 시술 가격은 저렴하지 않다는 이용자 불만이 있음 | Q26: 앱 이용(고객용) 무료; 실제 시술 요금은 매장별 상이하며 회원 전용 월간 쿠폰으로 할인 제공 | R26: =IF(Q26=1,SUM($Q$2:Q26),"") | S26: 예약 시스템을 도입한 매장 자체가 아직 많지 않아 이용 가능 지역·매장이 제한적이고, 실제 방문 시 이벤트 쿠폰 외 시술 가격은 저렴하지 않다는 이용자 불만이 있음 | T26: 앱 이용(고객용) 무료; 실제 시술 요금은 매장별 상이하며 회원 전용 월간 쿠폰으로 할인 제공
A27: CP026 | B27: Sephora | C27: 미용 | D27: 매칭연결 | E27: 미국 | F27: 플랫폼 | G27: 라이프스타일 | H27: 전연령뷰티소비자 | I27: 앱단독 | J27: 화장품검색/쇼핑, 리뷰,가상메이크업,상담 | K27: AI맞춤추천,뷰티클래스 | L27: Two-sided Market(양면시장) | M27: 뷰티 커머스 + 로열티 플랫폼 | N27: 46225 | O27: 46225 | P27: =IF(L27="","",C27&"|"&D27&"|"&H27&"|"&I27&"|"&L27) | Q27: =IF(P27="",0,IF(COUNTIF($P$2:P27,P27)=1,1,0)) | R27: =IF(Q27=1,SUM($Q$2:Q27),"") | S27: 한국 시장에서는 코로나19와 올리브영 등 경쟁에 밀려 2024년 5월 오프라인 매장·온라인몰·앱을 모두 철수했으며, 이후 국내 이용자는 해외(미국 등) 계정과 배송으로만 접근 가능함 | T27: 앱 이용 무료; 로열티 프로그램(Beauty Insider) 무료 가입, 등급별 혜택 차등, 상품은 개별 구매가
A28: CP027 | B28: Musely | C28: 미용 | D28: 개입치료 | E28: 미국 | F28: 일반경쟁자 | G28: 라이프스타일 | H28: 피부트러블여성 | I28: 원격진료연계 | J28: AI피부분석,처방연계 | K28: AI기반맞춤스킨케어루틴추천,피부관리콘텐츠 | L28: Subscription(구독형) | M28: AI 피부분석 후 처방 연계형 스킨케어 | N28: 46225 | O28: 46225 | P28: =IF(L28="","",C28&"|"&D28&"|"&H28&"|"&I28&"|"&L28) | Q28: =IF(P28="",0,IF(COUNTIF($P$2:P28,P28)=1,1,0)) | R28: =IF(Q28=1,SUM($Q$2:Q28),"") | S28: 미국 원격의료 규제 하에서 운영되는 서비스로 한국에서는 정식 이용이 불가능하며, 처방 연계 스킨케어는 의사의 원격 진단 결과에 의존함 | T28: 앱 이용 무료; AI 피부분석 후 처방이 필요하면 원격진료·처방 스킨케어 비용이 별도 발생(미국 기준 월 구독형)
A29: CP028 | B29: 마인드카페 | C29: 정신건강 | D29: 매칭연결 | E29: 한국 | F29: 카테고리리더 | G29: 라이프스타일 | H29: 개인,기업임직원 | I29: 심리상담/멘탈케어 플랫폼 | J29: 심리상담,코칭,EAP | K29: 익명커뮤니티,심리검사,온오프라인상담 | L29: Two-sided Market(양면시장) | M29: 국내 대표 멘탈케어 플랫폼, 개인 상담과 기업 EAP 모두 운영 | N29: 46225 | O29: 46225 | P29: 정신건강|매칭연결|개인,기업임직원|심리상담/멘탈케어 플랫폼|Two-sided Market(양면시장) | Q29: 1 | R29: 25 | S29: 상담 품질과 결과가 상담사 역량 및 매칭 적합도에 크게 좌우되며, 상담 이용료가 누적되면 비용 부담이 커질 수 있음 | T29: 온라인 심리상담 1회기 43,000원부터; 코칭상담 1회기 40,000원부터; 심리검사·해석상담 25,000~75,000원; 오프라인·검사 상품별 상이
A30: CP029 | B30: 트로스트 | C30: 정신건강 | D30: 매칭연결 | E30: 한국 | F30: 일반경쟁자 | G30: 라이프스타일 | H30: 개인 | I30: 비대면 심리상담 앱 | J30: 심리상담,심리검사,명상 | K30: 상담사매칭,커뮤니티,텍스트상담 | L30: Two-sided Market(양면시장) | M30: 국내 비대면 심리상담 앱, 상담사 매칭과 심리검사 제공 | N30: 46225 | O30: 46225 | P30: 정신건강|매칭연결|개인|비대면 심리상담 앱|Two-sided Market(양면시장) | Q30: 1 | R30: 26 | S30: 비대면 상담 중심이라 대면 상담 대비 관계 형성과 비언어적 정보 전달에 한계가 있으며, 상담사별 가격과 품질 편차가 존재함 | T30: 텍스트 테라피 1일권 15,000원, 7일권 40,000원, 30일권 100,000원, 90일권 240,000원; 전화상담 30분 40,000원; 화상상담 30분 50,000원
A31: CP030 | B31: 마보 | C31: 정신건강 | D31: 정보제공 | E31: 한국 | F31: 카테고리리더 | G31: 라이프스타일 | H31: 개인,기업임직원 | I31: 명상/마음챙김 앱 | J31: 명상,마음챙김,스트레스관리 | K31: 수면,불안,번아웃,EAP | L31: Subscription(구독형) | M31: 국내 마음챙김 명상 앱, B2C 구독과 기업 EAP 모델 운영 | N31: 46225 | O31: 46225 | P31: 정신건강|정보제공|개인,기업임직원|명상/마음챙김 앱|Subscription(구독형) | Q31: 1 | R31: 27 | S31: 명상 콘텐츠와 자기관리 중심 서비스로, 중증 정신건강 문제나 전문적인 치료·진단을 대체하기 어려움 | T31: 7일 무료체험 후 정기구독; 월 5,900원, 3개월 17,500원, 6개월 29,000원, 12개월 47,000원; 앱스토어 기준
A32: CP031 | B32: 코끼리 | C32: 정신건강 | D32: 정보제공 | E32: 한국 | F32: 일반경쟁자 | G32: 라이프스타일 | H32: 개인 | I32: 수면/명상 콘텐츠 앱 | J32: 명상,수면,ASMR | K32: 힐링콘텐츠,마음챙김,수면관리 | L32: Freemium(프리미엄) | M32: 국내 수면·명상 콘텐츠 앱, 아토머스가 인수해 마인드카페와 연계 가능 | N32: 46225 | O32: 46225 | P32: 정신건강|정보제공|개인|수면/명상 콘텐츠 앱|Freemium(프리미엄) | Q32: 1 | R32: 28 | S32: 콘텐츠 소비와 자기관리 중심이라 개인별 상담이나 임상적 개입이 부족하며, 유료 콘텐츠 이용을 위해 구독이 필요할 수 있음 | T32: 일부 콘텐츠 무료 제공; 유료 콘텐츠·구독형 이용권 제공; 정확한 최신 요금은 앱 결제 화면 확인 필요
A33: CP032 | B33: 하루콩 | C33: 정신건강 | D33: 데이터기록관리 | E33: 한국 | F33: 카테고리리더 | G33: 라이프스타일 | H33: 개인 | I33: 감정 기록 앱 | J33: 감정기록,무드트래킹,일기 | K33: 감정리포트,습관기록,자가이해 | L33: Freemium(프리미엄) | M33: 블루시그넘의 감정 기록 앱, 감정 데이터를 기반으로 자기이해 지원 | N33: 46225 | O33: 46225 | P33: 정신건강|데이터기록관리|개인|감정 기록 앱|Freemium(프리미엄) | Q33: 1 | R33: 29 | S33: 감정과 활동을 기록하는 데 초점이 있어 기록만으로 문제 해결이나 전문적인 심리 개입까지 이어지기 어려움 | T33: 기본 기록 기능 무료; 일부 기능·콘텐츠의 유료 여부 및 최신 요금은 앱스토어 확인 필요
A34: CP033 | B34: 무디 | C34: 정신건강 | D34: 개입치료 | E34: 한국 | F34: 일반경쟁자 | G34: 라이프스타일 | H34: 개인 | I34: AI 감정 가이드 앱 | J34: 감정관리,AI가이드,심리퀘스트 | K34: 감정태그,트레이닝,스토리콘텐츠 | L34: Freemium(프리미엄) | M34: 블루시그넘의 감정 관리 앱, 감정별 퀘스트와 사고방식 훈련 제공 | N34: 46225 | O34: 46225 | P34: 정신건강|개입치료|개인|AI 감정 가이드 앱|Freemium(프리미엄) | Q34: 1 | R34: 30 | S34: AI가 제공하는 감정 가이드는 전문 상담이나 치료를 대체할 수 없으며, 입력 내용에 따라 추천의 정확도와 적합도가 달라질 수 있음 | T34: 기본 기능 무료 또는 인앱결제 제공; 정확한 유료 기능과 요금은 앱스토어 확인 필요
A35: CP034 | B35: 마인들링 | C35: 정신건강 | D35: 개입치료 | E35: 한국 | F35: 일반경쟁자 | G35: 라이프스타일 | H35: 개인 | I35: 마인드케어 앱 | J35: 마음관리,자가관리,심리콘텐츠 | K35: 맞춤케어,정서관리,스트레스관리 | L35: Subscription(구독형) | M35: 개인 맞춤형 마인드케어 앱으로 분류 가능 | N35: 46225 | O35: 46225 | P35: 정신건강|개입치료|개인|마인드케어 앱|Subscription(구독형) | Q35: 1 | R35: 31 | S35: 자가관리와 콘텐츠 중심 서비스로 위기 상황이나 복합적인 정신건강 문제에 대한 전문적 대응이 제한될 수 있음 | T35: 구독형 서비스로 분류; 월·연 구독료와 무료체험 여부는 최신 앱 결제 화면 확인 필요
A36: CP035 | B36: 디스턴싱 | C36: 정신건강 | D36: 개입치료 | E36: 한국 | F36: 일반경쟁자 | G36: 라이프스타일 | H36: 개인 | I36: 비약물 심리치료 앱 | J36: 심리치료,자가개입,마음관리 | K36: 불안,우울,비약물치료,자가훈련 | L36: Subscription(구독형) | M36: 비약물 심리치료·자가개입형 서비스로 PREP의 개입치료 축 참고 가능 | N36: 46225 | O36: 46225 | P36: 정신건강|개입치료|개인|비약물 심리치료 앱|Subscription(구독형) | Q36: 1 | R36: 32 | S36: 비약물 자가개입 중심이어서 고위험 우울·불안이나 진단·처방이 필요한 이용자에게는 충분하지 않을 수 있음 | T36: 구독형 서비스로 분류; 정확한 월·연 요금은 공개 자료 추가 확인 필요
A37: CP036 | B37: 네이버 엑스퍼트 심리상담 | C37: 정신건강 | D37: 매칭연결 | E37: 한국 | F37: 플랫폼 | G37: 라이프스타일 | H37: 개인 | I37: 전문가 상담 마켓플레이스 | J37: 전문가매칭,온라인상담,심리상담 | K37: 채팅상담,음성상담,영상상담 | L37: Two-sided Market(양면시장) | M37: 네이버 기반 전문가 상담 플랫폼, 심리상담 카테고리 포함 | N37: 46225 | O37: 46225 | P37: 정신건강|매칭연결|개인|전문가 상담 마켓플레이스|Two-sided Market(양면시장) | Q37: 1 | R37: 33 | S37: 대형 플랫폼의 전문가 선택지는 넓지만 상담 품질과 전문성의 편차를 이용자가 직접 판단해야 함 | T37: 상담 전문가·상품별 개별 결제; 채팅·음성·영상 상담 가격은 전문가와 상품에 따라 상이
A38: CP037 | B38: 퍼플웨일 | C38: 정신건강 | D38: 데이터기록관리 | E38: 한국 | F38: 일반경쟁자 | G38: 라이프스타일 | H38: 개인,환자 | I38: 신체화 장애 관리 서비스 | J38: 신체화장애,PHR,정신건강 | K38: 증상기록,자가관리,디지털케어 | L38: Digitization(디지털전환) | M38: 휴레이포지티브 포트폴리오 내 신체화 장애 관리 서비스 | N38: 46225 | O38: 46225 | P38: 정신건강|데이터기록관리|개인,환자|신체화 장애 관리 서비스|Digitization(디지털전환) | Q38: 1 | R38: 34 | S38: 특정 신체화 증상 관리에 초점이 맞춰져 있어 일반적인 정신건강 관리나 다양한 질환으로의 확장성이 제한될 수 있음 | T38: 기관·서비스 계약 기반으로 추정; 개인 이용자용 공개 가격 확인 필요
A39: CP038 | B39: 옴니핏 마인드케어 | C39: 정신건강 | D39: 데이터기록관리 | E39: 한국 | F39: 일반경쟁자 | G39: 생체지표 | H39: 개인,기관 | I39: 스트레스/두뇌건강 측정 솔루션 | J39: 스트레스측정,HRV,뇌파 | K39: 멘탈헬스트래커,생체신호,기관용 | L39: Sensor As A Service(센서서비스) | M39: 생체신호 기반 정신건강 상태 측정 솔루션으로 분류 가능 | N39: 46225 | O39: 46225 | P39: 정신건강|데이터기록관리|개인,기관|스트레스/두뇌건강 측정 솔루션|Sensor As A Service(센서서비스) | Q39: 1 | R39: 35 | S39: 생체신호 측정 결과가 심리 상태를 완전히 설명하지 못하며, 측정 장비와 환경에 따라 결과가 달라질 수 있음 | T39: 기관·기업 대상 솔루션 계약형으로 추정; 장비·구축·이용 범위별 견적형, 공개 가격 미확인
A40: CP039 | B40: 상담 오랑 | C40: 정신건강 | D40: 매칭연결 | E40: 한국 | F40: 일반경쟁자 | G40: 라이프스타일 | H40: 청년 | I40: 청년 마음건강 상담 서비스 | J40: 청년상담,마음건강,공공상담 | K40: 온라인상담,생활상담,1대1상담 | L40: Self-service(셀프서비스) | M40: 민간 기업은 아니지만 국내 청년 대상 마음건강 상담 접근 방식 참고용 | N40: 46225 | O40: 46225 | P40: 정신건강|매칭연결|청년|청년 마음건강 상담 서비스|Self-service(셀프서비스) | Q40: 1 | R40: 36 | S40: 공공 상담 서비스로 대상·지역·운영시간에 제한이 있을 수 있으며, 전문 치료나 지속적인 임상 상담을 대체하지 않음 | T40: 청년 대상 공공 상담; 무료 상담 중심, 이용 조건·운영 지역별 상이
... A53: CP052 | B53: 헬스맥스 | C53: 만성질환 | D53: 데이터기록관리 | E53: 한국 | F53: 일반경쟁자 | G53: 생체지표 | H53: 지자체,기관,개인 | I53: 스마트 건강관리/만성질환 관리 솔루션 | J53: 혈압,혈당,비만관리 | K53: 건강측정,공공헬스케어,원격관리,생활습관 | L53: Digitization(디지털전환) | M53: 공공/기관 중심의 혈압·혈당·비만 등 건강 측정 및 관리 솔루션 | N53: 46225 | O53: 46225 | P53: 만성질환|데이터기록관리|지자체,기관,개인|스마트 건강관리/만성질환 관리 솔루션|Digitization(디지털전환) | Q53: 1 | R53: 49 | S53: 기관·지자체 도입 의존도가 높아 개인 사용자의 접근성이 낮을 수 있으며, 측정 결과만으로 질환 관리 효과를 보장하기 어려움 | T53: 지자체·기관 대상 구축·운영 계약형으로 추정; 장비·플랫폼·운영 범위별 견적, 공개 가격 미확인
A54: CP053 | B54: 꿀잠닥터 | C54: 수면 | D54: 정보제공 | E54: 한국 | F54: 일반경쟁자 | G54: 라이프스타일 | H54: 수면개선희망자 | I54: 앱단독 | J54: 수면 코칭, 수면 일기, 맞춤 루틴 | K54: 콘텐츠 추천, 주간 리포트 | L54: Freemium(프리미엄) | M54: 구글플레이 설명상 수면 연구 데이터 기반 코칭 앱. 개발사/연락처가 한국으로 표기됨. 요금제는 확인 필요. | N54: 46227 | O54: 46241 | P54: =IF(L54="","",C54&"|"&D54&"|"&H54&"|"&I54&"|"&L54) | Q54: =IF(P54="",0,IF(COUNTIF($P$2:P54,P54)=1,1,0)) | R54: =IF(Q54=1,SUM($Q$2:Q54),"") | S54: 사용자 수동 기록(설문·활동) 및 외부 콘텐츠(유튜브·블로그) 추천 중심이라 정밀한 수면 측정이나 전문 의료 진단에는 한계가 있고 다운로드 규모가 적음 | T54: 완전 무료
A55: CP054 | B55: 슬립큐(SleepQ) | C55: 수면 | D55: 개입치료 | E55: 한국 | F55: 카테고리리더 | G55: 라이프스타일 | H55: 불면증환자 | I55: 앱단독 | J55: 디지털치료, 수면습관 교정, 처방 프로그램 | K55: 의사 모니터링, 6주 치료 | L55: Subscription(구독형) | M55: 웰트 개발 불면증 디지털 치료제,디지털 의료기기, 병원 처방 및 비대면 진료 통한 앱 접근이 가능 | N55: 46227 | O55: 46241 | P55: =IF(L55="","",C55&"|"&D55&"|"&H55&"|"&I55&"|"&L55) | Q55: =IF(P55="",0,IF(COUNTIF($P$2:P55,P55)=1,1,0)) | R55: =IF(Q55=1,SUM($Q$2:Q55),"") | S55: 식약처 허가를 받은 전문 디지털 치료기기(DTx)로 의사의 진단 및 처방이 필수적이라 일반 소비자의 자유로운 사용 접근성이 제한됨 | T55: 앱 다운로드는 무료이나, 단 의사처방 인증코드 필요. 처방 프로그램 비용 약 20- 25만원 내외, 실손보험 적용시 실제 부담금 25000원 정도 수준으로 낮아질 수 있음.
A56: CP055 | B56: Nightly(미라클나잇) | C56: 수면 | D56: 정보제공 | E56: 한국 | F56: 일반경쟁자 | G56: 라이프스타일 | H56: 전연령 | I56: 앱단독 | J56: 모노럴비트, 수면 유도, 알람 | K56: 명상, 기상 루틴 | L56: Subscription(구독형) | M56: AI·뇌과학 기반 수면 유도 앱 | N56: 46227 | O56: 46241 | P56: =IF(L56="","",C56&"|"&D56&"|"&H56&"|"&I56&"|"&L56) | Q56: =IF(P56="",0,IF(COUNTIF($P$2:P56,P56)=1,1,0)) | R56: =IF(Q56=1,SUM($Q$2:Q56),"") | S56: 수면 유도 음악·영상·알림 중심으로, 심각한 수면장애의 의학적 해결에는 한계. 콘텐츠 이용을 위해 구독이 필요할 수 있음 | T56: 기본 무료(일부 기능 체험), 1개월 이용권 월 7,700원 / 12개월 이용권 연 77,000원 (정기 자동 결제, 무료 체험 기간 제공)
A57: CP056 | B57: 알라미 | C57: 수면 | D57: 정보제공 | E57: 한국 | F57: 일반경쟁자 | G57: 라이프스타일 | H57: 전연령 | I57: 앱단독 | J57: 알람 미션, 수면 분석, 코골이 체크 | K57: 수면 사운드, 리마인더 | L57: Freemium(프리미엄) | M57: 수면 분석을 제공하는 웰니스 앱, 인앱구매(광고 제거, 프리미엄 기능해제, 일부 고급 수면 분석/알람기능이용) | N57: 46227 | O57: 46241 | P57: =IF(L57="","",C57&"|"&D57&"|"&H57&"|"&I57&"|"&L57) | Q57: =IF(P57="",0,IF(COUNTIF($P$2:P57,P57)=1,1,0)) | R57: =IF(Q57=1,SUM($Q$2:Q57),"") | S57: 기상 알람과 수면 관리 기능 중심이라 전문적인 수면 분석·치료 기능은 제한적. 알람·미션 기능이 일부 사용자에게 피로감을 줄 수 있음 | T57: 기본 무료(광고 포함), 프리미엄 구독 시 월 6,900원 / 연 58,000원 선(광고 제거 및 고급 미션·수면 분석 기능 무제한 이용, Google Play Pass 지원)
A58: CP057 | B58: 에이슬립 | C58: 수면 | D58: 데이터기록관리 | E58: 한국 | F58: 카테고리리더 | G58: 생체지표 | H58: B2B파트너, 개인 | I58: 기기연동 | J58: 수면 단계 분석, 호흡음 분석, 수면 리포트 | K58: API, SDK, 대시보드 | L58: Sensor As A Service(센서서비스) | M58: 수면 AI/SDK/API를 제공하는 한국 슬립테크 서비스 | N58: 46227 | O58: 46241 | P58: =IF(L58="","",C58&"|"&D58&"|"&H58&"|"&I58&"|"&L58) | Q58: =IF(P58="",0,IF(COUNTIF($P$2:P58,P58)=1,1,0)) | R58: =IF(Q58=1,SUM($Q$2:Q58),"") | S58: B2B 파트너 및 수면 측정 솔루션 중심으로 일반 소비자가 단독 이용하기 어려울 수 있음. API·SDK 또는 기기 연동 의존도가 높음 | T58: B2B 전용 서비스로 초기 구축비는 없으며, 기업의 선택 기능(수면 단계·실시간 분석·코골이 등)과 실제 유효 수면 데이터 측정 건수에 따른 종량제 과금 방식임
A59: CP058 | B59: RESTDAWN | C59: 수면 | D59: 정보제공 | E59: 한국 | F59: 일반경쟁자 | G59: 라이프스타일 | H59: 불규칙수면자, 건강관심층 | I59: 앱단독 | J59: 수면 리포트, 루틴 관리, 기록 | K59: 맞춤 분석, 일상 패턴 | L59: Freemium(프리미엄) | M59: 플레이스토어(애플 x), 수면을 데이터로 기록하고 이해하는 리포트 앱 | N59: 46227 | O59: 46241 | P59: =IF(L59="","",C59&"|"&D59&"|"&H59&"|"&I59&"|"&L59) | Q59: =IF(P59="",0,IF(COUNTIF($P$2:P59,P59)=1,1,0)) | R59: =IF(Q59=1,SUM($Q$2:Q59),"") | S59: 수면 리포트와 루틴 관리 중심으로, 생활습관 개선 이상의 의료적 진단·치료에는 한계. 앱 데이터와 사용자의 기록 지속성이 필요 | T59: 기본 무료(광고 포함), 프리미엄 구독 시 월 4,900원 / 연간 할인 제공(AI 수면 코칭, 정밀 패턴 분석 및 맞춤 루틴 무제한 이용, 7일 무료 체험 가능)
A60: CP059 | B60: 삼성헬스 | C60: 수면 | D60: 데이터기록관리 | E60: 한국 | F60: 플랫폼 | G60: 생체지표 | H60: 개인 | I60: 웨어러블연동 | J60: 수면 추적, 수면 단계, 코골이 감지 | K60: 코칭, 스트레스 관리 | L60: Lock-in(락인) | M60: 갤럭시 워치와 연동되는 대표 건강 플랫폼 | N60: 46227 | O60: 46241 | P60: =IF(L60="","",C60&"|"&D60&"|"&H60&"|"&I60&"|"&L60) | Q60: =IF(P60="",0,IF(COUNTIF($P$2:P60,P60)=1,1,0)) | R60: =IF(Q60=1,SUM($Q$2:Q60),"") | S60: 삼성 기기 및 웨어러블 생태계 의존도가 높음. 기기 없이 이용할 경우 수면 측정·분석 기능이 제한될 수 있음 | T60: 기본 앱 무료. 일부 기능은 삼성 웨어러블 등 별도 기기 필요
A61: CP060 | B61: 더헬스(The Health) | C61: 수면 | D61: 데이터기록관리 | E61: 한국 | F61: 일반경쟁자 | G61: 생체지표 | H61: 보험연계 건강관리대상자 | I61: 웨어러블연동 | J61: 수면 측정, 호흡소리 분석, 기상시간 제안 | K61: AI 패턴 분석, 건강플랫폼 연계 | L61: Lock-in(락인) | M61: 건강플랫폼의 수면 측정 기능 | N61: 46227 | O61: 46241 | P61: =IF(L61="","",C61&"|"&D61&"|"&H61&"|"&I61&"|"&L61) | Q61: =IF(P61="",0,IF(COUNTIF($P$2:P61,P61)=1,1,0)) | R61: =IF(Q61=1,SUM($Q$2:Q61),"") | S61: 수면, 운동, 식단, 마음건강 등 다방면의 건강관리를 종합 제공하나 전문 헬스케어 서비스 대비 깊이가 아쉬울 수 있고 보험사 마케팅 및 이벤트 연계 요소가 포함됨 | T61: 완전 무료
A62: CP061 | B62: 솜니아 | C62: 수면 | D62: 정보제공 | E62: 한국 | F62: 일반경쟁자 | G62: 라이프스타일 | H62: 피로회복희망자 | I62: 앱단독 | J62: 수면 콘텐츠, AI 수면코치, 루틴 | K62: 피로회복, 습관 분석 | L62: Freemium(프리미엄) | M62: 과학적으로 설계된 수면 콘텐츠와 AI 코치를 제공 | N62: 46227 | O62: 46241 | P62: =IF(L62="","",C62&"|"&D62&"|"&H62&"|"&I62&"|"&L62) | Q62: =IF(P62="",0,IF(COUNTIF($P$2:P62,P62)=1,1,0)) | R62: =IF(Q62=1,SUM($Q$2:Q62),"") | S62: 수면 콘텐츠와 AI 수면 코칭 중심으로, 개인의 복합적인 수면장애나 정신건강 문제를 직접 치료하기 어려움 | T62: 기본 무료, 유료 구독있음.
A63: CP062 | B63: 코끼리 | C63: 수면 | D63: 정보제공 | E63: 한국 | F63: 일반경쟁자 | G63: 라이프스타일 | H63: 명상,ASMR선호자 | I63: 앱단독 | J63: 수면 명상, ASMR, 심리 가이드 | K63: 동화 음원, 스트레스 완화 | L63: Subscription(구독형) | M63: 무료 콘텐츠 일부 존재, 전체 콘텐츠는 1개월/12개월 자동갱신 구독으로 이용(인앱구매 포함). | N63: 46227 | O63: 46227 | P63: =IF(L63="","",C63&"|"&D63&"|"&H63&"|"&I63&"|"&L63) | Q63: =IF(P63="",0,IF(COUNTIF($P$2:P63,P63)=1,1,0)) | R63: =IF(Q63=1,SUM($Q$2:Q63),"") | S63: 1:1 밀착 코칭 없는 단방향 오디오 스트리밍 위주의 구성, 연속 재생 등 플레이어 편의 기능 제약 및 주요 콘텐츠의 정기 구독 필요 | T63: 기본 무료(일부 콘텐츠 제한), 1개월 이용권 월 5,900원 / 12개월 이용권 연 35,000원 (정기 자동 결제)
A64: CP063 | B64: 슬립루틴 | C64: 수면 | D64: 데이터기록관리 | E64: 한국 | F64: 일반경쟁자 | G64: 라이프스타일 | H64: 개인 | I64: 앱단독 | J64: 수면분석,수면관리,스마트알람 | K64: 수면단계,호흡분석,백색소음,수면리포트,맞춤가이드 | L64: Subscription(구독형) | M64: 스마트폰의 숨소리를 활용해 수면을 분석하고 수면 리포트, 스마트 알람, 백색소음과 맞춤형 수면 가이드를 제공하는 앱. 에이슬립에서 만든 어플. | N64: 46227 | O64: 46241 | P64: =IF(L64="","",C64&"|"&D64&"|"&H64&"|"&I64&"|"&L64) | Q64: =IF(P64="",0,IF(COUNTIF($P$2:P64,P64)=1,1,0)) | R64: =IF(Q64=1,SUM($Q$2:Q64),"") | S64: 웨어러블 없이 스마트폰 마이크(숨소리) 기반으로 측정하여 외부 소음이나 다인 수면 시 오차가 생길 수 있고, 지속적인 측정 및 맞춤 가이드 이용에 유료 구독이 필요함 | T64: 기본 무료(일부 기능 체험 가능), 월간 결제 월 6,600원 / 연간 결제 연 39,900원~66,000원 정기 구독 제공
A65: CP064 | B65: 수면분석 - 수면, 오토슬립, 코골이 | C65: 수면 | D65: 데이터기록관리 | E65: 한국 | F65: 일반경쟁자 | G65: 라이프스타일 | H65: 코골이기록희망자, 건강관심층 | I65: 앱단독 | J65: 수면 사이클, 코골이 녹음, 편안한 사운드 | K65: 스마트 알람, 리포트 | L65: Freemium(프리미엄) | N65: 46227 | O65: 46241 | P65: =IF(L65="","",C65&"|"&D65&"|"&H65&"|"&I65&"|"&L65) | Q65: =IF(P65="",0,IF(COUNTIF($P$2:P65,P65)=1,1,0)) | R65: =IF(Q65=1,SUM($Q$2:Q65),"") | S65: 스마트폰 마이크 및 센서 측정 방식 특성상 외부 소음(에어컨·주변음 등) 간섭 시 오차가 발생할 수 있으며, 무료 버전은 광고 노출과 일부 기능 제한이 존재함 | T65: 기본 무료(광고 포함), 프리미엄 기능 무제한 이용을 위한 유료 구독 제공(월 약 6,600원 / 연 약 26,000원~55,000원, 7일 무료 체험 제공)
A66: CP065 | B66: AutoSleep | C66: 수면 | D66: 데이터기록관리 | E66: 호주 | F66: 카테고리리더 | G66: 생체지표 | H66: 애플워치 사용자 | I66: 웨어러블연동 | J66: 수면단계분석,심박수/SpO2측정,애플워치연동 | L66: Add-on(애드온) | M66: ₩9,900 1회 결제(평생, 구독 없음),건강·피트니스 유료앱 차트 #2, 6.5천개 평점 4.4, 2018~2025 8년 연속 Apple "올해의 앱" 선정 | N66: 46227 | O66: 46241 | P66: =IF(L66="","",C66&"|"&D66&"|"&H66&"|"&I66&"|"&L66) | Q66: =IF(P66="",0,IF(COUNTIF($P$2:P66,P66)=1,1,0)) | R66: =IF(Q66=1,SUM($Q$2:Q66),"") | S66: Apple Watch 및 iPhone 생태계 의존도가 높아 비애플 사용자 접근성이 낮음. 초기 설정과 기기 착용이 필요함 | T66: ₩9,900 1회 결제, 평생 이용 방식
A67: CP066 | B67: 달램 | C67: 수면 | D67: 정보제공 | E67: 한국 | F67: 일반경쟁자 | G67: 라이프스타일 | H67: 직장인, 스트레스관심층 | I67: 앱단독 | J67: 멘탈헬스, 명상. 수면 | K67: 기업복지, 코칭 | L67: Subscription(구독형) | M67: B2B 구독형 | N67: 46227 | O67: 46241 | P67: =IF(L67="","",C67&"|"&D67&"|"&H67&"|"&I67&"|"&L67) | Q67: =IF(P67="",0,IF(COUNTIF($P$2:P67,P67)=1,1,0)) | R67: =IF(Q67=1,SUM($Q$2:Q67),"") | S67: 직장인·기업 복지 및 코칭 중심으로 개인 사용자가 독립적으로 접근하기 어려울 수 있음. 상담·코칭 품질이 운영 인력에 영향을 받음 | T67: B2B 구독형. 기업별 계약 가격
A68: CP067 | B68: 슬립머니(SleepMoney) | C68: 수면 | D68: 데이터기록관리 | E68: 한국 | F68: 일반경쟁자 | G68: 라이프스타일 | H68: 앱테크관심층 | I68: 앱단독 | J68: 수면기록,리워드적립 | K68: 광고시청 | L68: Leverage Customer Data(데이터활용) | M68: Sleep-to-Earn, 광고 기반 리워드 | N68: 46227 | O68: 46227 | P68: =IF(L68="","",C68&"|"&D68&"|"&H68&"|"&I68&"|"&L68) | Q68: =IF(P68="",0,IF(COUNTIF($P$2:P68,P68)=1,1,0)) | R68: =IF(Q68=1,SUM($Q$2:Q68),"") | S68: 수면 시간 및 취침 중 스마트폰 방치에 따른 포인트 적립(앱테크) 위주라 전문적인 수면 분석 및 불면 치료 기능은 부족함 | T68: 기본 무료 (앱 이용 및 수면 포인트 적립 무료, 광고 기반)
A69: CP068 | B69: 슬립큐브 | C69: 수면 | D69: 매칭연결 | E69: 한국 | F69: 일반경쟁자 | G69: 라이프스타일 | H69: 수면개선희망자 | I69: 오프라인결합 | J69: 수면컨설팅,매트리스 | K69: 슬립케어멤버십 | L69: Lock-in(락인) | M69: 매트리스 브랜드+수면 컨설팅, 앱 연동 | N69: 46227 | O69: 46241 | P69: =IF(L69="","",C69&"|"&D69&"|"&H69&"|"&I69&"|"&L69) | Q69: =IF(P69="",0,IF(COUNTIF($P$2:P69,P69)=1,1,0)) | R69: =IF(Q69=1,SUM($Q$2:Q69),"") | S69: 수면 온도 조절 전용 하드웨어 매트리스/컨트롤러 구매가 필수적인 고가 장비로 초기 구매 비용 부담이 큼 | T69: 기기 및 매트 세트 구매비 약 1,800,000원 ~ 2,100,000원 (별도 앱 정기 구독료 없음)
A70: CP069 | B70: Bearable | C70: 수면 | D70: 데이터기록관리 | E70: 영국 | F70: 일반경쟁자 | G70: 라이프스타일 | H70: 만성증상관리자 | I70: 앱단독 | J70: 수면,기분,증상기록 | K70: 상관관계분석 | L70: Freemium(프리미엄) | M70: 기본무료+프리미엄 | N70: 46227 | O70: 46241 | P70: =IF(L70="","",C70&"|"&D70&"|"&H70&"|"&I70&"|"&L70) | Q70: =IF(P70="",0,IF(COUNTIF($P$2:P70,P70)=1,1,0)) | R70: =IF(Q70=1,SUM($Q$2:Q70),"") | S70: 수면 온도 조절 전용 하드웨어 매트리스/컨트롤러 구매가 필수적인 고가 장비로 초기 구매 비용 부담이 큼 | T70: 기본 무료(기본 트래킹), 상세 데이터 상관관계 분석 등 유료 구독 제공 (월 약 $4.99 / 연 약 $18.99~$29.99)
A71: CP070 | B71: Loona | C71: 수면 | D71: 정보제공 | E71: 미국 | F71: 일반경쟁자 | G71: 라이프스타일 | H71: 이완희망자, 불면증환자 | I71: 앱단독 | J71: 인터랙티브수면스토리 | K71: 스트레스완화 | L71: Subscription(구독형) | M71: 구독형 콘텐츠 앱 | N71: 46227 | O71: 46241 | P71: =IF(L71="","",C71&"|"&D71&"|"&H71&"|"&I71&"|"&L71) | Q71: =IF(P71="",0,IF(COUNTIF($P$2:P71,P71)=1,1,0)) | R71: =IF(Q71=1,SUM($Q$2:Q71),"") | S71: 수면 유도용 인터랙티브 콘텐츠 중심으로, 콘텐츠 선호도에 따라 효과 차이가 큼. 장기적인 수면장애 치료 도구로 사용하기에는 한계 | T71: 기본 무료(일부 체험 콘텐츠), 프리미엄 이용을 위한 유료 구독 제공 (월 약 14,000원 / 연 약 33,000원~49,000원)
A72: CP071 | B72: SleepisolBio | C72: 수면 | D72: 데이터기록관리 | E72: 한국 | F72: 일반경쟁자 | G72: 생체지표 | H72: 불면/기상곤란/스트레스관심층 | I72: 앱단독 | J72: AI수면분석, 코골이 감지, 브레인웨이브사운드테라피(바이노럴비트) | K72: 스마트알람,기상미션, 40종 수면유도 미니게임, AI 맞춤명상/베드타임스토리 | L72: Freemium(프리미엄) | M72: 100만 + 다운로드, 평점 3.1-3.2로 낮음 | N72: 46227 | O72: 46227 | P72: =IF(L72="","",C72&"|"&D72&"|"&H72&"|"&I72&"|"&L72) | Q72: =IF(P72="",0,IF(COUNTIF($P$2:P72,P72)=1,1,0)) | R72: =IF(Q72=1,SUM($Q$2:Q72),"") | S72: 미세전류 뇌자극(CES) 기술 기반 전용 헤드밴드 하드웨어 기기를 반드시 별도 구매·착용해야 앱 기능을 활용할 수 있음 | T72: 전용 기기(슬리피솔/슬리피솔 플러스) 구매비 약 198,000원 ~ 259,000원 (연동 앱 이용료 무료)
A73: CP072 | B73: 파사(PASA) | C73: 수면 | D73: 정보제공 | E73: 한국 | F73: 일반경쟁자 | G73: 라이프스타일 | H73: 코골이기록희망자, 수면개선희망자 | I73: 앱단독 | J73: 코골이 녹음, 수면 리포트, 백색소음 | K73: 알람, 명상 | L73: Add-on(애드온) | M73: 앱 구독 + 코골이 솔루션/구강장치 연계상품 존재. 구독형만으로 보기보다 추가 상품 판매가 결합된 Add-on 구조 | N73: 46227 | O73: 46241 | P73: =IF(L73="","",C73&"|"&D73&"|"&H73&"|"&I73&"|"&L73) | Q73: =IF(P73="",0,IF(COUNTIF($P$2:P73,P73)=1,1,0)) | R73: =IF(Q73=1,SUM($Q$2:Q73),"") | S73: 마이크 기반 측정 특성상 주변 소음 간섭 가능성이 있으며 심한 코골이는 연계 치과 구강내장치 치료 안내로 유도됨 | T73: 기본 무료 (앱 내 코골이 녹음·분석, 수면 리포트, 백색소음 등 기본 기능 전액 무료 제공)
A74: CP073 | B74: Headspace | C74: 수면 | D74: 정보제공 | E74: 미국 | F74: 카테고리리더 | G74: 라이프스타일 | H74: 전연령 | I74: 앱단독 | J74: 슬립캐스트,수면라디오 | K74: 명상컨텐츠 | L74: Subscription(구독형) | M74: 월$12.99, 연$69.99 | N74: 46227 | O74: 46241 | P74: =IF(L74="","",C74&"|"&D74&"|"&H74&"|"&I74&"|"&L74) | Q74: =IF(P74="",0,IF(COUNTIF($P$2:P74,P74)=1,1,0)) | R74: =IF(Q74=1,SUM($Q$2:Q74),"") | S74: 한국어 전용 콘텐츠 비중이 적고 수면 오디오 중심이라 스마트폰 센서/웨어러블 기반의 수면 측정 기능은 없음 | T74: 기본무료,월 $12.99, 연 $69.99
A75: CP074 | B75: Sleep Tracker | C75: 수면 | D75: 데이터기록관리 | E75: 홍콩/영국 | F75: 일반경쟁자 | G75: 라이프스타일 | H75: 불면증환자, 건강관심층 | I75: 앱단독 | J75: 수면주기분석, 코골이/잠꼬대 녹음, 수면점수 | K75: 스마트알람, 백색소음/명상사운드, Apple Health 연동 | L75: Subscription(구독형) | M75: 무료+인앱구독. 2.2천 리뷰 평점 4.7로 완성도 높은 편. 동일 개발사가 운동·다이어트 앱도 다수 운영(포트폴리오형 헬스앱 퍼블리셔). "무료여도 유료 못지않게 정확하다"는 리뷰 다수 | N75: 46227 | O75: 46241 | P75: =IF(L75="","",C75&"|"&D75&"|"&H75&"|"&I75&"|"&L75) | Q75: =IF(P75="",0,IF(COUNTIF($P$2:P75,P75)=1,1,0)) | R75: =IF(Q75=1,SUM($Q$2:Q75),"") | S75: 스마트폰 기반 수면 기록은 실제 수면 단계 측정에 한계가 있음. 무료 버전은 광고·기능 제한이 있고, 고급 분석에는 구독이 필요할 수 있음 | T75: 기본 무료(광고 포함), 프리미엄 기능 무제한 이용을 위한 유료 구독 제공 (월 약 6,600원 / 연 약 26,000원~55,000원)
A76: CP075 | B76: 트로스트 | C76: 수면 | D76: 정보제공 | E76: 한국 | F76: 일반경쟁자 | G76: 라이프스타일 | H76: 스트레스관심층 | I76: 앱단독 | J76: 상담, 심리 콘텐츠, 이완 | K76: 수면 코칭, 감정 기록 | L76: Subscription(구독형) | M76: 심리상담 플랫폼이지만 수면·이완 관련 웰니스 활용이 가능 | N76: 46227 | O76: 46241 | P76: =IF(L76="","",C76&"|"&D76&"|"&H76&"|"&I76&"|"&L76) | Q76: =IF(P76="",0,IF(COUNTIF($P$2:P76,P76)=1,1,0)) | R76: =IF(Q76=1,SUM($Q$2:Q76),"") | S76: 심리상담 플랫폼 중심이라 수면 문제를 직접 측정·분석하는 기능은 제한적. 상담 비용과 상담사별 품질·가용성 차이가 존재 | T76: 기본 무료(앱 이용 및 무료 심리검사·ASMR), 전문 1:1 심리상담·코칭 이용 시 회당 약 3만~7만 원대 결제
A77: CP076 | B77: 마인드브릿지 | C77: 수면 | D77: 정보제공 | E77: 한국 | F77: 일반경쟁자 | G77: 라이프스타일 | H77: 이완희망자 | I77: 앱단독 | J77: 명상, 호흡, 이완 | K77: 루틴, 집중/수면 전환 | L77: Freemium(프리미엄) | M77: 수면/명상 성격 서비스 | N77: 46227 | O77: 46241 | P77: =IF(L77="","",C77&"|"&D77&"|"&H77&"|"&I77&"|"&L77) | Q77: =IF(P77="",0,IF(COUNTIF($P$2:P77,P77)=1,1,0)) | R77: =IF(Q77=1,SUM($Q$2:Q77),"") | S77: 명상·호흡·이완 콘텐츠 중심으로, 수면장애에 대한 의료적 진단·치료 기능은 제한적. 콘텐츠 이용 효과가 개인별로 다를 수 있음 | T77: B2B 전용 서비스로 제휴 기업 임직원은 무료 이용(기업 비용 부담), 개인 별도 이용 시 상담 비용 발생
A78: CP077 | B78: 티끌 | C78: 수면 | D78: 정보제공 | E78: 한국 | F78: 일반경쟁자 | G78: 라이프스타일 | H78: 이완희망자 | I78: 앱단독 | J78: 명상, 수면, 유도, 루틴 | K78: 짧은 호흡, 취침가이드 | L78: Freemium(프리미엄) | M78: 수면/이완 성격 서비스 | N78: 46227 | O78: 46241 | P78: =IF(L78="","",C78&"|"&D78&"|"&H78&"|"&I78&"|"&L78) | Q78: =IF(P78="",0,IF(COUNTIF($P$2:P78,P78)=1,1,0)) | R78: =IF(Q78=1,SUM($Q$2:Q78),"") | S78: 명상·수면·이완 콘텐츠 중심으로, 지속적인 이용과 습관 형성이 필요. 전문 수면검사나 의료 상담을 대체하기 어려움 | T78: 기본 무료(일부 기능 체험), 무제한 앱 차단 및 프로 기능 유료 결제 제공 (월 약 3,300원 / 연 약 22,000원 또는 평생 이용권)
... A101: CP100 | B101: 온오프(onoff) | C101: 운동 | D101: 개입치료 | E101: 한국 | F101: 일반경쟁자 | G101: 라이프스타일 | H101: 다이어터, PT희망자, 전연령 | I101: 웹서비스(비대면코칭) | J101: 온라인PT, 1:1코칭, 식단관리 | K101: 체형분석, 무료체험,트레이닝룸영상, 단체 라이브PT | L101: Subscription(구독형) | M101: 전담 트레이너 배정형 비대면 PT. 단체 라이브 PT(실시간 화상), 트레이닝룸(부위별 영상 라이브러리) 병행 운영. | N101: 46238 | O101: 46238 | P101: =IF(L101="","",C101&"|"&D101&"|"&H101&"|"&I101&"|"&L101) | Q101: =IF(P101="",0,IF(COUNTIF($P$2:P101,P101)=1,1,0)) | R101: =IF(Q101=1,SUM($Q$2:Q101),"") | S101: 비대면 특성상 실시간 동작 교정 즉시성이 오프라인 PT 대비 제한적 | T101: 주3회라이브-150,000원, 1개월 종일관리-210,000원, 3개월 종일관리(월163,333원),6개월 종일관리(월148,333원)
A102: CP101 | B102: 스노어랩 | C102: 수면 | D102: 데이터기록관리 | E102: 영국 | F102: 일반경쟁자 | G102: 라이프스타일 | H102: 개인 | I102: 앱단독 | J102: 코골이녹음,수면분석,코골이관리 | K102: 코골이점수,소리기록,수면추이,코골이개선 | L102: Freemium(프리미엄) | M102: 코골이 소리를 녹음하고 강도와 발생 패턴을 분석해 코골이 개선 방법을 추적하는 수면관리 앱 | N102: 46269 | O102: 46269 | S102: 코골이 분석 결과가 수면무호흡증 등 질환의 의학적 진단을 대체할 수 없으며, 스마트폰 위치와 마이크 환경에 따라 측정 정확도가 달라질 수 있음 | T102: 기본 기능 무료 또는 제한적 녹음 제공; 프리미엄 구독 시 전체 밤 녹음·정밀 분석 이용 가능, 월 약 3.99달러, 연 약 39.99달러
A103: CP102 | B103: 젠톡 플러스 | C103: 유전자 | D103: 정보제공 | E103: 한국 | F103: 카테고리리더 | G103: 생체지표 | H103: 개인 | I103: DTC 유전자 검사 | J103: 유전자검사,DTC,개인맞춤건강 | K103: 영양, 운동, 피부, 모달, 생활습관, AI 유전상담 | L103: Self-service(셀프서비스) | M103: 2026년 출시된 175종 DTC 유전자검사 서비스. 앱 기반 결과 및 관리 솔루션 제공 | N103: 46269 | O103: 46269 | S103: 질병 진단 목적이 아닌 웰니스 중심. 검사 항목·판매가격은 프로모션에 따라 변동 가능 | T103: 69000원
A104: CP103 | B104: 진스타일 wellness | C104: 유전자 | D104: 정보제공 | E104: 한국 | F104: 카테고리리더 | G104: 생체지표 | H104: 개인 | I104: DTC 유전자 검사 | J104: 유전자검사,DTC,웰니스 | K104: 영양소, 건강 관리, 피부, 모발, 운동, 식습관 | L104: Self-service(셀프서비스) | M104: 영양·건강·피부/모발 등 개인 유전적 특성을 분석하는 DTC 서비스 | N104: 46269 | O104: 46269 | S104: 진스타일 내 상품 종류가 다양해 비교 시 동일 상품 기준 유지 필요 | T104: 270000원
A105: CP104 | B105: 유후(youWho) | C105: 유전자 | D105: 정보제공 | E105: 한국 | F105: 일반경쟁자 | G105: 생체지표 | H105: 개인 | I105: DTC 유전자 검사 | J105: 유전자검사,DTC,혈통분석 | K105: DNA, 조상 분석, 인종분포, 유전계보 | L105: Self-service(셀프서비스) | M105: DNA를 이용해 개인의 유전적 혈통·계보를 분석하는 서비스 | N105: 46269 | O105: 46269 | S105: 일반적인 영양·운동 웰니스보다 혈통·개인특성 분석 성격이 강함. 현재 공개 판매가격 확인 어려움
A106: CP105 | B106: 위드진(WithGene) | C106: 유전자 | D106: 정보제공 | E106: 한국 | F106: 카테고리리더 | G106: 생체지표 | H106: 개인 | I106: DTC 유전자 검사 | J106: 유전자검사,DTC,개인맞춤건강 | K106: 피부, 영양, 식습관, 체중관리, 모발, 운동 | L106: Self-service(셀프서비스) | M106: NGS 기반 개인 유전자검사로 건강 관련 개인특성 분석 | N106: 46269 | O106: 46269 | S106: 파트너사·제휴 채널 공급 비중이 높아 일반 소비자 직접 구매가격 비교가 어려움
A107: CP106 | B107: Mendel's DNA70 | C107: 유전자 | D107: 정보제공 | E107: 한국 | F107: 일반경쟁자 | G107: 생체지표 | H107: 개인 | I107: DTC 유전자 검사 | J107: 유전자검사,DTC,웰니스 | K107: 영양, 생활습관, 개인특성, 건강관리 등 70항목 | L107: Self-service(셀프서비스) | M107: 보건복지부 DTC 인증 항목 기반 70종 웰니스 유전자검사 | N107: 46269 | O107: 46269 | S107: 엔젠바이오는 의료용 유전자검사도 보유하므로 Mendel's DNA70과 의료서비스를 구분해서 관리해야 함
A108: CP107 | B108: 수퍼지노박스 약국형 | C108: 유전자 | D108: 매칭연결 | E108: 한국 | F108: 일반경쟁자 | G108: 생체지표 | H108: 개인 | I108: DTC 유전자 검사 | J108: 유전자검사,DTC,약국상담 | K108: 영양소, 식습관, 운동, 피부, 모발, 약사상담, 맞춤영양 | L108: Self-service(셀프서비스) | M108: 144개 웰니스 항목 분석 후 약사가 결과를 바탕으로 영양성분·관리법 등을 제안 | N108: 46269 | O108: 46269 | S108: 셀메드 교육 이수 약국을 통한 상담 구조로 일반 온라인 DTC와 유통방식이 다름
A109: CP108 | B109: GNC 마이G스토리 | C109: 유전자 | D109: 매칭연결 | E109: 한국 | F109: 일반경쟁자 | G109: 생체지표 | H109: 개인 | I109: DTC 유전자 검사 | J109: 유전자검사,DTC,맞춤건강관리 | K109: 영양, 건강관리, 건강기능식품, 개인 맞춤 추 | L109: Self-service(셀프서비스) | M109: 유전자검사 결과를 건강관리 및 맞춤형 건강기능식품 추천과 연결 | N109: 46269 | O109: 46269 | S109: 건기식 판매와 연계된 모델이므로 순수 유전자 정보제공 서비스와 BM 비교 시 구분 필요 | T109: 94500원, 비회원가 116000
A111: CP110 | B111: 파우더룸 | C111: 미용 | D111: 정보제공 | E111: 한국 | F111: 카테고리리더 | G111: 라이프스타일 | H111: 20-30대 여성, 뷰티관심층 | I111: 앱단독+커머스 | J111: 뷰티커뮤니티,리뷰 | K111: 콘텐츠커머스,뷰티포인트리워드 | L111: Leverage Customer Data(데이터활용) | M111: 파우컴퍼니가 운영하는 뷰티 커뮤니티 앱. 리뷰·Q&A 커뮤니티를 기반으로 콘텐츠 커머스(뷰티딜)로 확장, 화해·글로우픽과 함께 국내 대표 뷰티 리뷰앱 중 하나로 거론됨 | N111: 46271 | O111: 46271 | P111: 커뮤니티 리뷰 기반이라 협찬·비검증 후기가 섞일 수 있고, 화해 대비 앱 다운로드·트래픽 규모는 작은 편 | Q111: 앱 이용 무료; 커뮤니티 활동으로 적립되는 '뷰티포인트'로 할인 구매 가능, 매출은 입점 브랜드 대상 광고·판매 수수료 기반 | S111: 커뮤니티 리뷰 기반이라 협찬·비검증 후기가 섞일 수 있고, 화해 대비 앱 다운로드·트래픽 규모는 작은 편 | T111: 앱 이용 무료; 커뮤니티 활동으로 적립되는 '뷰티포인트'로 할인 구매 가능, 매출은 입점 브랜드 대상 광고·판매 수수료 기반
A112: CP111 | B112: 노블리 | C112: 여성건강 | D112: 데이터기록관리 | E112: 한국 | F112: 일반경쟁자 | G112: 라이프스타일 | H112: 10대-20대 초반 여성, 생리주기 관리자 | I112: 앱단독 | J112: 생리주기,배란일계산 | K112: 커뮤니티,캐릭터UI | L112: Freemium(프리미엄) | M112: 심플한 캘린더형 생리주기·배란일 추적 앱. 핑크다이어리·달다방과 유사한 카테고리의 후발 서비스로, 캐릭터 기반 UI/UX로 10대~20대 초반 이용자층을 공략 | N112: 46271 | O112: 46271 | P112: 플랫폼·카테고리리더급 서비스 대비 인지도·설치 규모가 작고, 임신·난임 등 확장 기능 없이 생리주기 기록에 특화되어 기능 커버리지가 좁음 | Q112: 기본 앱 무료; 광고 제거·테마 등 부가기능은 소액 인앱결제 또는 광고 시청 기반 | S112: 플랫폼·카테고리리더급 서비스 대비 인지도·설치 규모가 작고, 임신·난임 등 확장 기능 없이 생리주기 기록에 특화되어 기능 커버리지가 좁음 | T112: 기본 앱 무료; 광고 제거·테마 등 부가기능은 소액 인앱결제 또는 광고 시청 기반
A113: CP112 | B113: Flo | C113: 여성건강 | D113: 데이터기록관리 | E113: 영국 | F113: 플랫폼 | G113: 생체지표 | H113: 전세계 가임기 여성, 임신·완경 준비 여성 | I113: 앱단독 | J113: 생리주기,배란예측 | K113: AI건강어시스턴트,완경추적 | L113: Freemium(프리미엄) | M113: 전세계 최대 규모 생리주기 추적 앱 중 하나. 2024년 2억달러 투자 유치로 기업가치 10억달러 이상 유니콘 등극. AI 기반 건강 어시스턴트, 파트너 모드, 완경(폐경) 추적까지 여성 생애주기 전반으로 기능 확장 | N113: 46271 | O113: 46271 | P113: 한국 현지화·마케팅 없이 글로벌 앱스토어로만 서비스되어 국내 인지도가 낮고, 과거 제3자와의 이용자 건강데이터 공유 논란으로 프라이버시 신뢰 이슈가 있었음 | Q113: 기본 기능 무료; Flo Premium 월간·연간 구독(프로모션에 따라 변동, 연간 환산 시 월 약 $9.99 수준으로 안내) | S113: 한국 현지화·마케팅 없이 글로벌 앱스토어로만 서비스되어 국내 인지도가 낮고, 과거 제3자와의 이용자 건강데이터 공유 논란으로 프라이버시 신뢰 이슈가 있었음 | T113: 기본 기능 무료; Flo Premium 월간·연간 구독(프로모션에 따라 변동, 연간 환산 시 월 약 $9.99 수준으로 안내)
A114: CP113 | B114: Peanut | C114: 여성건강 | D114: 매칭연결 | E114: 영국 | F114: 일반경쟁자 | G114: 라이프스타일 | H114: 임신·육아·완경기 여성 | I114: 소셜네트워크 앱 | J114: 여성커뮤니티,친구매칭 | K114: 임신육아,완경커뮤니티 | L114: Two-sided Market(양면시장) | M114: 엄마들의 틴더'로 불리는 여성 전용 소셜 네트워킹 앱. 임신·육아 단계별 매칭에서 시작해 난임, 완경(메노포즈) 커뮤니티까지 여성 생애주기 전반의 또래 매칭으로 확장 | N114: 46271 | O114: 46271 | P114: 정보 제공·데이터 기록 기능 없이 커뮤니티·매칭에 특화되어 헬스케어 데이터 트래킹 경쟁력은 낮고, 한국어 미지원으로 국내 이용자 기반은 미미함 | Q114: 앱 이용 무료; 매출은 광고 및 브랜드 파트너십 기반(별도 유료 구독 없음) | S114: 정보 제공·데이터 기록 기능 없이 커뮤니티·매칭에 특화되어 헬스케어 데이터 트래킹 경쟁력은 낮고, 한국어 미지원으로 국내 이용자 기반은 미미함 | T114: 앱 이용 무료; 매출은 광고 및 브랜드 파트너십 기반(별도 유료 구독 없음)
A115: CP114 | B115: Midi Health | C115: 여성건강 | D115: 개입치료 | E115: 미국 | F115: 카테고리리더 | G115: 생체지표 | H115: 30-60대 완경기(갱년기) 여성 | I115: 앱단독(원격의료) | J115: 완경케어,호르몬치료(HRT) | K115: 원격진료,보험연계 | L115: Pay Per Use(사용량과금) | M115: 완경(메노포즈)·중년 여성 건강에 특화된 원격의료 스타트업. 여성 전문의·NP 화상진료로 호르몬대체요법(HRT) 등을 처방하며, 2025년 시리즈D에서 기업가치 10억달러 돌파 | N115: 46271 | O115: 46271 | P115: 미국 보험·의료 시스템 기반 서비스로 한국에서는 이용 불가하며, 방문(진료)당 과금 구조라 정기 구독형 서비스 대비 비용 예측이 어려움 | Q115: 자가부담 첫 진료 $250, 재진 $150; 보험 적용 시 평균 자기부담금 약 $50 수준(플랜별 상이), 검사·처방약은 별도 청구 | S115: 미국 보험·의료 시스템 기반 서비스로 한국에서는 이용 불가하며, 방문(진료)당 과금 구조라 정기 구독형 서비스 대비 비용 예측이 어려움 | T115: 자가부담 첫 진료 $250, 재진 $150; 보험 적용 시 평균 자기부담금 약 $50 수준(플랜별 상이), 검사·처방약은 별도 청구
A116: CP115 | B116: Perfect Corp(YouCam Makeup) | C116: 미용 | D116: 정보제공 | E116: 대만 | F116: 플랫폼 | G116: 라이프스타일 | H116: 전연령 뷰티소비자, 뷰티 브랜드사(B2B) | I116: 앱단독+B2B API/SDK | J116: AR가상메이크업,AI피부진단 | K116: AI뷰티에이전트,브랜드제휴 | L116: Two-sided Market(양면시장) | M116: 대만 나스닥 상장사. 소비자용 YouCam Makeup 앱(가상 메이크업·피부진단)과 로레알·에스티로더 등 뷰티 브랜드에 AR/AI 기술을 라이선스하는 B2B SaaS를 병행. 2025년 11월 대화형 AI '유캠 AI 뷰티 에이전트' 출시 | N116: 46271 | O116: 46271 | P116: 소비자 앱보다 브랜드사 대상 B2B 라이선스 매출 비중이 커 국내 개인 소비자向 경쟁 임팩트는 제한적이고, 강남언니·화해류의 국내 로컬 커뮤니티·리뷰 데이터는 보유하지 않음 | Q116: 소비자 앱 기본 무료(일부 프리미엄 필터 인앱결제); 브랜드사 대상 AR/AI 솔루션은 별도 라이선스 계약(비공개) | S116: 소비자 앱보다 브랜드사 대상 B2B 라이선스 매출 비중이 커 국내 개인 소비자向 경쟁 임팩트는 제한적이고, 강남언니·화해류의 국내 로컬 커뮤니티·리뷰 데이터는 보유하지 않음 | T116: 소비자 앱 기본 무료(일부 프리미엄 필터 인앱결제); 브랜드사 대상 AR/AI 솔루션은 별도 라이선스 계약(비공개)
A117: CP116 | B117: Curology | C117: 미용 | D117: 개입치료 | E117: 미국 | F117: 일반경쟁자 | G117: 생체지표 | H117: 여드름·홍조 등 피부트러블 여성 | I117: D2C구독(원격진료연계) | J117: 맞춤형처방스킨케어,피부트러블케어 | K117: 화상피부상담,구독배송 | L117: Subscription(구독형) | M117: 미국의 대표적인 맞춤형 처방 스킨케어 D2C 브랜드 중 하나. 가입 시 피부 사진·설문을 제출하면 라이선스 받은 피부과 의사/PA가 원격으로 개인 맞춤 처방(트레티노인 등)을 조제해 매월 배송 | N117: 46271 | O117: 46271 | P117: 처방약 성분이 포함돼 미국 내에서도 주(州)별 원격진료 규제 영향을 받으며, 한국에서는 처방 스킨케어 자체가 유통될 수 없는 구조라 서비스 제공이 불가능함. 최근 수년간 조직 감원 보도가 있었으나 2026년 기준 서비스 자체는 정상 운영 중 | Q117: 첫 트라이얼 키트 약 $25 내외 + 이후 월 구독료 약 $30~60선(처방 성분·용량에 따라 변동, 프로모션 상시 존재) | S117: 처방약 성분이 포함돼 미국 내에서도 주(州)별 원격진료 규제 영향을 받으며, 한국에서는 처방 스킨케어 자체가 유통될 수 없는 구조라 서비스 제공이 불가능함. 최근 수년간 조직 감원 보도가 있었으나 2026년 기준 서비스 자체는 정상 운영 중 | T117: 첫 트라이얼 키트 약 $25 내외 + 이후 월 구독료 약 $30~60선(처방 성분·용량에 따라 변동, 프로모션 상시 존재)
A118: CP117 | B118: Natural Cycles | C118: 여성건강 | D118: 개입치료 | E118: 스웨덴 | F118: 카테고리리더 | G118: 생체지표 | H118: 피임·임신계획을 원하는 가임기 여성 | I118: 앱단독+체온계연동 | J118: 기초체온측정,배란알고리즘 | K118: FDA인증,피임/임신계획전환 | L118: Subscription(구독형) | M118: 기초체온(BBT) 측정값을 알고리즘으로 분석해 피임(비호르몬) 또는 임신계획에 활용하는 '디지털 피임약'. 세계 최초로 피임 목적 FDA 승인을 받은 앱으로, 전용 체온계와 결합해 사용 | N118: 46271 | O118: 46271 | P118: 매일 같은 시간 체온측정을 전제로 한 피임 실패율 수치라 실사용 실패율 논란(영국 NHS 임신 신고 이슈 등)이 있었으며, 국내에는 피임 목적 인증·마케팅이 이뤄지지 않음 | Q118: 연간 구독 약 $99.99/년(전용 체온계 포함 상품은 별도 상향), 월간 결제 시 더 높은 단가 적용 | S118: 매일 같은 시간 체온측정을 전제로 한 피임 실패율 수치라 실사용 실패율 논란(영국 NHS 임신 신고 이슈 등)이 있었으며, 국내에는 피임 목적 인증·마케팅이 이뤄지지 않음 | T118: 연간 구독 약 $99.99/년(전용 체온계 포함 상품은 별도 상향), 월간 결제 시 더 높은 단가 적용
A119: CP118 | B119: Elvie | C119: 여성건강 | D119: 개입치료 | E119: 영국 | F119: 일반경쟁자 | G119: 생체지표 | H119: 산후 여성, 골반저근 약화·수유기 여성 | I119: 기기+앱연동(웨어러블) | J119: 웨어러블유축기,케겔트레이너 | K119: 골반저근훈련,무선기기 | L119: Sensor As A Service(센서서비스) | M119: 여성 헬스테크(펨테크) 하드웨어 전문기업. 손에 쥐고 다닐 수 있는 무소음 웨어러블 유축기(Elvie Pump)와 앱 연동 케겔(골반저근) 트레이너(Elvie Trainer)를 판매, 룰루랩과 유사한 '기기+앱' 결합형 BM | N119: 46271 | O119: 46271 | P119: 기기 본체 가격이 높아 초기 구매 장벽이 크고, 국내는 병행수입·해외직구 위주로만 유통되어 정식 A/S·보험 연동 인프라가 없음 | Q119: Elvie Pump 싱글 $199.99~더블 $399.99대, Elvie Trainer 별도 판매(통상 $199 내외); 앱 자체 이용료는 없음 | S119: 기기 본체 가격이 높아 초기 구매 장벽이 크고, 국내는 병행수입·해외직구 위주로만 유통되어 정식 A/S·보험 연동 인프라가 없음 | T119: Elvie Pump 싱글 $199.99~더블 $399.99대, Elvie Trainer 별도 판매(통상 $199 내외); 앱 자체 이용료는 없음
A120: CP119 | B120: Rael(라엘) | C120: 여성건강 | D120: 개입치료 | E120: 미국 | F120: 일반경쟁자 | G120: 라이프스타일 | H120: 유기농·클린뷰티 지향 여성용품 소비자 | I120: D2C(제조판매) | J120: 유기농생리대,여성용품 | K120: 아마존1위,글로벌D2C | L120: Subscription(구독형) | M120: 한인 여성 3인이 미국에서 창업한 유기농 여성용품 D2C 브랜드. 아마존 생리대 카테고리 1위 등 미국 시장에서 강세를 보이며 해피문데이와 유사한 유기농 생리대 BM이나 미국 D2C·정기구독 중심으로 성장. 2026년 8월 타워브룩캐피탈과 전략적 성장 파트너십(투자) 체결 발표, 매각이 아닌 확장 단계로 현재도 정상 운영 중 | N120: 46271 | O120: 46271 | P120: 국내는 별도 라엘코리아 공식몰로 운영되나 브랜드 인지도·유통망이 해피문데이 등 국내 플레이어 대비 약하고, 매출·투자 세부 지표는 비공개 | Q120: 정기구독(Subscribe&Save) 시 할인 적용, 유기농 생리대 1팩당 통상 $8~12 수준(구성에 따라 상이); 구독 해지·주기 변경 자유 | S120: 국내는 별도 라엘코리아 공식몰로 운영되나 브랜드 인지도·유통망이 해피문데이 등 국내 플레이어 대비 약하고, 매출·투자 세부 지표는 비공개 | T120: 정기구독(Subscribe&Save) 시 할인 적용, 유기농 생리대 1팩당 통상 $8~12 수준(구성에 따라 상이); 구독 해지·주기 변경 자유
A121: CP120 | B121: 플릭(Flick) | C121: 운동 | D121: 데이터기록관리 | E121: 한국 | F121: 일반경쟁자 | G121: 라이프스타일 | H121: 헬스이용자, 홈트레이닝족 + 퍼스널트레이너(PT) | I121: 앱단독 | J121: 운동기록,루틴관리,세트별무게/횟수/시간기록 | K121: 소셜팔로우(루틴공유),휴식타이머,PT회원관리(다수회원통합관리) | L121: Freemium(프리미엄) | M121: 400여 종 운동 지원.PT 전문가용 회원관리 기능이 개인용 트래커+B2B SaaS 겸용 성격을 만듦 | N121: 46273 | O121: 46273 | S121: 순수 기록·일지형이라 AI 코칭 요소가 없음(플랜핏류와 달리 자동 루틴 생성 기능 부재). 번핏·Hevy와 직접 경쟁하는 레드오션 포지션이며 차별화 포인트는 PT용 회원관리 기능 정도 | T121: 인앱구매 항목당 ₩3,900~₩89,000
A122: CP121 | B122: 트랭글(Trangle) | C122: 운동 | D122: 데이터기록관리 | E122: 한국 | F122: 카테고리리더 | G122: 라이프스타일 | H122: 등산·러닝·자전거 이용자, 전연령 | I122: 앱단독+웨어러블연동 | J122: GPS기록,등산코스내비게이션,걷기/자전거경로탐색 | K122: 배지·경험치,지도정보,커뮤니티미션 | L122: Subscription(구독형) | M122: Kakao VX(구 Beagle) 운영, 등산 특화 GPS 트래킹으로 국내 저변 넓음 | N122: 46273 | O122: 46273 | S122: 유료 가격 미확인. 로그인 오류 등 UX 안정성 이슈 리뷰 다수 | T122: 무료+인앱구매, 유료 등급별 정가 확인 실패
A123: CP122 | B123: Nike Run Club | C123: 운동 | D123: 데이터기록관리 | E123: 미국 | F123: 플랫폼 | G123: 라이프스타일 | H123: 러너 | I123: 앱단독 | J123: GPS러닝기록,가이드런,코칭플랜 | K123: 배지·기록챌린지,브랜드멤버십 | L123: Leverage Customer Data(데이터활용) | M123: 2026년 기준 전체 기능 완전 무료 — 나이키 제품·멤버십 판매를 위한 브랜드 채널 성격 | N123: 46273 | O123: 46273 | S123: 자체 수익모델 없음 — bm_mapping 집계 시 '무료' 편향 데이터로 잡힐 수 있음 | T123: 완전 무료(유료 등급 없음)
A124: CP123 | B124: adidas Running | C124: 운동 | D124: 데이터기록관리 | E124: 오스트리아 | F124: 카테고리리더 | G124: 라이프스타일 | H124: 러너, 멀티스포츠 이용자 | I124: 앱단독+웨어러블연동 | J124: 100+종목기록,훈련부하분석,인터벌트레이닝 | K124: adiClub포인트연계,개인기록관리 | L124: Subscription(구독형) | M124: 2015년 adidas가 Runtastic 인수. 2026.07 자료는 Premium 유지, 2025.12 일부 매체는 '프리미엄 폐지·전체무료 전환' 보도 — 정책 변경 중 상충정보 있음 | N124: 46273 | O124: 46273 | S124: 가격정책 변동 확인 필요, 지역·시점별 정보 상충 | T124: Premium 월 $9.99 / 연 $49.99 (2026.07 기준)
A125: CP124 | B125: 식단 착착 | C125: 식단 | D125: 데이터기록관리 | E125: 한국 | F125: 일반경쟁자 | G125: 라이프스타일 | H125: 다이어터, 식단 관리자 | I125: 앱단독 | J125: AI칼로리/영양자동계산,사진기록 | K125: 태그 분류, 식단 관리, 식단 일기, 식단 계획 | L125: Freemium(프리미엄) | M125: 이유식·가족식단 등 다이어트 외 확장 태그가 특징, 코칭 기능 없음 | N125: 46273 | O125: 46273 | S125: 코칭·전문성 부재, 단순 기록형이라 차별화 요소 약함 | T125: 9900
A126: CP125 | B126: YAZIO(야지오) | C126: 식단 | D126: 데이터기록관리 | E126: 독일 | F126: 카테고리리더 | G126: 라이프스타일 | H126: 다이어터, 체중감량/근육증량/체중유지 희망자, 남녀 전연령 | I126: 앱단독 | J126: AI칼로리추적,바코드스캐너,간헐적단식(16:8·5:2) | K126: 레시피(2,900+),장보기목록,걸음수/운동/증상통합추적,물섭취량알림,Fitbit·Garmin연동(Pro) | L126: Freemium(프리미엄) | M126: 400만+ 검색가능 음식DB, 가입 없이 즉시 이용 가능. Pro는 광고제거·심층분석·맞춤플랜·장기추세분석 등 고급기능 묶음으로 제공 | N126: 46273 | O126: 46273 | S126: 무료판도 기록·바코드스캔·레시피 열람 등 핵심기능을 상당수 제공해 유료 전환 유인이 상대적으로 약함. Pro의 세부 요금 구간이 스토어 설명에 명시되지 않아 정확한 국내 결제금액 확인 필요 | T126: 인앱구매 항목당 ₩6,300~₩450,000
A127: CP126 | B127: Cronometer(크로노미터) | C127: 식단 | D127: 데이터기록관리 | E127: 캐나다 | F127: 카테고리리더 | G127: 라이프스타일 | H127: 다이어터, 매크로영양소 추적자, 신진대사 건강 관리자, 영양사·의료전문가·운동선수 등 전문가급 사용자 | I127: 앱단독 | J127: 검증된영양DB(110만+식품,95종+영양소·화합물추적),AI사진/음성기록,단식추적 | K127: 맞춤차트/보고서,영양점수,Health Connect·WearOS·Fitbit·Garmin·Oura·WHOOP·Dexcom연동,크로노코치 | L127: Freemium(프리미엄) | M127: 원이 검토한 NCC 데이터베이스 기반으로 "정확도"가 핵심 차별점(크라우드소싱 아님). 무료판도 검색·바코드스캔(무료)·기본 식단일지 제공. 헬스라인·위민스헬스 등 매체 소개. | N127: 46273 | O127: 46273 | S127: 무료판이 바코드스캔·기본 기록까지 커버해 상당수 사용자는 무료로도 충분. Gold의 AI사진/음성기록, 단식추적, 크로노코치 등 고급기능이 유료 전환의 핵심 유인. 일반 소비자용 코칭 깊이는 얕고, 전문가용 Cronometer Professional은 별도 B2B 라인 | T127: 월 $10.99/연 $59.99, 프로모션 시 연 $38.49~54.99
A128: CP127 | B128: FatSecret(칼로리 카운터) | C128: 식단 | D128: 데이터기록관리 | E128: 호주 | F128: 카테고리리더 | G128: 라이프스타일 | H128: 다이어터, 전연령 | I128: 앱단독 | J128: 크라우드소싱식품DB,바코드스캐너,이미지인식(음식사진기록) | K128: 운동다이어리,체중추적,다이어트달력,Samsung Health·Google Fit·Fitbit연동,Facebook/Google로그인 | L128: Leverage Customer Data(데이터활용) | M128: 스토어 설명에서 "fatsecret은 무료입니다"를 명시적으로 강조 — 핵심기능(음식/운동/체중 기록, 바코드스캔, 이미지인식, 리포트, 계정 동기화) 전부 무료 제공. 프리미엄은 식단 플래너·맞춤 식사유형(6종 추가)·물섭취량 기록 등 부가기능 위주로 상대적으로 가벼움 | N128: 46273 | O128: 46273 | S128: 무료판 기능 범위가 이미 넓어(YAZIO·MyFitnessPal 대비) 프리미엄 전환 유인이 가장 약한 축. 프리미엄 혜택이 "식단 플래너·식사유형 확장·물섭취 알림" 등 편의기능 위주라 핵심 차별화(AI코칭 등)는 부재 | T128: 인앱구매 항목당 ₩19,900~₩95,000
A129: CP128 | B129: 런데이(RunDay) | C129: 운동 | D129: 개입치료 | E129: 한국 | F129: 카테고리리더 | G129: 라이프스타일 | H129: 러닝 초보자~숙련자, 전연령(체력시험 준비생, 등산객 포함) | I129: 앱단독+웨어러블연동 | J129: 100%풀보이스코칭,AI맞춤러닝플랜(5K/10K/하프),계단오르기챌린지 | K129: 실시간비대면마라톤,러닝크루(커뮤니티),만보기,갤럭시워치·가민·Fitbit연동,WearOS단독앱 | L129: Freemium(프리미엄) | M129: 2016년 Google Play "올해의 앱" 선정. 2015.09.08 출시, 2026.09 기준까지 지속 업데이트 중인 스테디셀러. 다운로드 100만+ | N129: 46273 | O129: 46273 | S129: 오래된 서비스(출시 10년+)지만 지속 업데이트되고 있어 "기능 노후화"보다는 "AI개인화 플랜 정밀도가 최신 앱(플랜핏류) 대비 어느 정도인지 재확인 필요" | T129: 인앱구매 항목당 ₩900~₩500,000 (한국 Google Play 기준). Wear OS 전용 스마트워치 멤버십(신규 훈련플랜·심박정보 등 추가 혜택)이 별도 유료 등급으로 존재,
A130: CP129 | B130: 다이트(다이트앱) | C130: 식단 | D130: 개입치료 | E130: 한국 | F130: 일반경쟁자 | G130: 라이프스타일 | H130: 다이어터, 혈당관리 관심층 | I130: 앱단독 | J130: AI카메라식단기록(당질·탄단지자동계산),혈당관리,체중추세분석(최대2개월) | K130: 걷기·음수량·수면기록,일일미션,식단레시피영상,매거진,운동영상 | L130: Freemium(프리미엄) | M130: AI카메라 식단기록에 이번에 "혈당관리" 신규 기능이 추가됨 | N130: 46273 | O130: 46273 | S130: 다운로드 수 대비 오프라인(한방병원) 매출 의존도가 매우 높아, 앱 자체의 독자적 수익모델과 사용자 기반은 아직 약함. 1:1 코칭이 앱 내 기능인지 오프라인 연계 상품인지 스토어 설명만으로는 명확히 구분 안 됨 | T130: 알수없
A131: CP130 | B131: Hevy | C131: 운동 | D131: 데이터기록관리 | E131: 미국 | F131: 카테고리리더 | G131: 라이프스타일 | H131: 웨이트/근력트레이닝 이용자 | I131: 앱단독+웨어러블연동(WearOS) | J131: 운동기록,루틴플래너,근육그룹분석 | K131: 친구팔로우(소셜),1RM계산,WearOS단독앱(심박수추적),200+운동영상 | L131: Freemium(프리미엄) | M131: "광고 없고 무료"를 강하게 내세움 — 무료판도 로그·그래프·타이머 등 핵심기능 관대하게 제공(단, 루틴 4개·커스텀운동 7개·3개월 기록 한도). Pro는 "Trainer"(로그 기반 중량 자동조정 알고리즘)·무제한 루틴/기록·웜업계산기 등 추가. | N131: 46273 | O131: 46273 | S131: Hevy는 "기록/로거"이지 코칭 앱이 아님 — 수면·HRV·회복 데이터를 프로그래밍에 반영하지 않음(전용 GPT 연동으로 대화형 조회는 가능해짐). | T131: 항목당 ₩4,000~₩95,000(한국 기준)월 $2.99 / 연 $23.99 / 평생 $74.99
A132: CP131 | B132: 루션(Roution) | C132: 식단 | D132: 매칭연결 | E132: 한국 | F132: 일반경쟁자 | G132: 라이프스타일 | H132: 다이어터, 컬리 이용 고객(건강한 식습관 형성 희망자) | I132: 앱단독(컬리 계정 연동 필수) | J132: AI식단추천,컬리커머스연동(원클릭구매),사진식단기록 | K132: 만보기,포인트리워드(컬리쿠폰전환) | L132: Leverage Customer Data(데이터활용) | M132: 컬리가 직접 출시한 AI 식단관리 앱.구글 생성형 AI로 컬리의 방대한 상품 데이터를 분석해 사용자별 맞춤 식단을 추천하고 컬리 앱 구매로 즉시 연결. 컬리 계정으로만 가입 가능. 컬리 측은 향후 체중·체지방·혈당·수면 등 건강지표 확장 계획 밝힘 | N132: 46273 | O132: 46273 | S132: 컬리 계정 필수라 컬리 비회원은 진입 불가(플랫폼 록인). 앱 자체의 독자적 유료화 모델은 없고 어디까지나 컬리 커머스 판매를 위한 유입 채널 성격 | T132: 스토어 리스팅에 인앱구매 항목 없음 — 앱 자체는 무료, 수익원은 앱이 아닌 컬리 본체 커머스 매출(식재료 판매) 연계로 추정
A133: CP132 | B133: 아람(Araam) | C133: 정신건강 | D133: 개입치료 | E133: 글로벌 | F133: 일반경쟁자 | G133: 라이프스타일 | H133: 개인 | I133: 무료 정신건강 관리 웹앱 | J133: 호흡훈련,명상,감정관리 | K133: 감정일기,CBT기록,자가검사,AI웰빙동반자,습관추적 | L133: Self-service(셀프서비스) | M133: 호흡훈련·감정일기·CBT 기록·자가검사·AI 웰빙 동반자를 제공하는 무료 정신건강 관리 웹앱 | N133: 2026-09-13 | O133: 2026-09-13 | S133: 자가관리 도구 중심이므로 위기 상황이나 전문 진단·치료가 필요한 이용자에게는 충분하지 않을 수 있음 | T133: 무료 이용; 공개 페이지 기준 별도 유료 요금 없음
A134: CP133 | B134: 와이사(Wysa) | C134: 정신건강 | D134: 개입치료 | E134: 영국 | F134: 일반경쟁자 | G134: 라이프스타일 | H134: 개인,기업임직원 | I134: AI 정신건강 챗봇 | J134: AI상담,감정관리,CBT | K134: 대화형지원,마음챙김,자가관리,기업웰니스 | L134: Freemium(프리미엄) | M134: AI 대화형 지원과 CBT·마음챙김 기반 자기관리 도구를 제공하는 정신건강 앱 | N134: 2026-09-13 | O134: 2026-09-13 | S134: AI 대화가 전문 상담사나 응급 정신건강 지원을 대체할 수 없으며, 대화 품질과 안전성에 한계가 있음 | T134: 기본 AI 대화 및 일부 콘텐츠 무료; 프리미엄·기업용 요금은 국가와 계약 조건별 상이
A135: CP134 | B135: 유퍼(Youper) | C135: 정신건강 | D135: 데이터기록관리 | E135: 미국 | F135: 일반경쟁자 | G135: 라이프스타일 | H135: 개인 | I135: AI 감정관리 앱 | J135: AI감정관리,기분추적,자가관리 | K135: 감정기록,대화형가이드,심리인사이트,마음챙김 | L135: Freemium(프리미엄) | M135: AI 대화와 감정 기록, 기분 추적을 통해 자기이해와 감정관리를 지원하는 앱 | N135: 2026-09-13 | O135: 2026-09-13 | S135: AI 기반 자기관리 중심이라 임상적 진단·치료를 대신할 수 없으며, 사용자의 자기보고 데이터에 의존함 | T135: 기본 기능 무료 또는 제한적 이용; 프리미엄 기능의 최신 가격은 앱스토어 확인 필요
A136: CP135 | B136: 해피파이(Happify) | C136: 정신건강 | D136: 개입치료 | E136: 미국 | F136: 일반경쟁자 | G136: 라이프스타일 | H136: 개인,기업임직원 | I136: 디지털 긍정심리·스트레스 관리 앱 | J136: 스트레스관리,긍정심리,CBT | K136: 심리활동,게임형훈련,감정관리,웰빙트랙 | L136: Subscription(구독형) | M136: 긍정심리·인지행동 기반 활동과 게임형 훈련을 제공하는 정신건강 웰니스 앱 | N136: 2026-09-13 | O136: 2026-09-13 | S136: 과학 기반 프로그램을 표방하지만 개인별 임상평가나 전문 치료를 대체할 수 없고, 전체 기능 이용에 구독이 필요함 | T136: 일부 기능 무료; 미국 기준 월 14.99달러, 연 139.99달러, 평생 이용권 449.99달러 수준
A137: CP136 | B137: 샌벨로(Sanvello) | C137: 정신건강 | D137: 개입치료 | E137: 미국 | F137: 일반경쟁자 | G137: 라이프스타일 | H137: 개인,보험가입자 | I137: 불안·우울 관리 앱 | J137: 불안관리,우울관리,CBT | K137: 기분추적,대처훈련,자가관리,심리교육 | L137: Freemium(프리미엄) | M137: 불안·우울·스트레스 관리를 위한 기분 기록과 CBT 기반 활동을 제공하는 앱 | N137: 2026-09-13 | O137: 2026-09-13 | S137: 자가관리 도구 중심으로 중증 증상이나 위기 상황에 대한 대응이 제한되며, 보험·기관 연계 여부에 따라 이용성이 달라질 수 있음 | T137: 기본 기능 무료 또는 보험·기관 제공; 프리미엄 요금은 지역·보험 계약별 상이
A138: CP137 | B138: 마인드닥(MindDoc) | C138: 정신건강 | D138: 데이터기록관리 | E138: 독일 | F138: 일반경쟁자 | G138: 라이프스타일 | H138: 개인,환자 | I138: 정신건강 자기관리 앱 | J138: 감정기록,우울관리,불안관리 | K138: 심리평가,기분추적,자가관리,전문가연계 | L138: Freemium(프리미엄) | M138: 기분 기록과 심리 평가를 통해 우울·불안 상태의 자기이해와 관리를 지원하는 앱 | N138: 2026-09-13 | O138: 2026-09-13 | S138: 자가평가 결과가 임상 진단을 대체할 수 없으며, 일부 기능은 의료·보험 체계와 국가별 이용 조건에 의존함 | T138: 기본 기능 무료 또는 제한적 이용; 프리미엄 및 치료 프로그램 가격은 국가별 상이
A139: CP138 | B139: 모드미션(MoodMission) | C139: 정신건강 | D139: 개입치료 | E139: 호주 | F139: 일반경쟁자 | G139: 라이프스타일 | H139: 개인 | I139: 기분·불안 관리 앱 | J139: 불안관리,기분관리,CBT | K139: 맞춤미션,행동활성화,자가훈련,기분기록 | L139: Freemium(프리미엄) | M139: 사용자의 기분과 불안 수준에 맞춰 행동 미션과 자기관리 활동을 추천하는 앱 | N139: 2026-09-13 | O139: 2026-09-13 | S139: 추천 미션의 효과가 이용자의 실행 여부에 의존하며, 고위험 정신건강 문제에 대한 전문적 대응이 제한됨 | T139: 무료 또는 제한적 기능 제공; 유료 콘텐츠·기관용 가격은 공개 정책 및 지역별 확인 필요
A140: CP139 | B140: 인사이트 타이머(Insight Timer) | C140: 정신건강 | D140: 정보제공 | E140: 글로벌 | F140: 카테고리리더 | G140: 라이프스타일 | H140: 개인,강사 | I140: 명상·마음챙김 플랫폼 | J140: 명상,마음챙김,스트레스관리 | K140: 강사콘텐츠,커뮤니티,마음챙김프로그램,웰니스 | L140: Two-sided Market(양면시장) | M140: 명상·마음챙김 콘텐츠와 강사 프로그램, 커뮤니티를 제공하는 글로벌 웰니스 플랫폼 | N140: 2026-09-13 | O140: 2026-09-13 | S140: 콘텐츠 품질과 전문성이 강사별로 달라질 수 있으며, 명상 콘텐츠가 임상 치료를 대체하지 않음 | T140: 무료 콘텐츠 제공; 일부 강사 강좌·프로그램 및 Member Plus 구독 유료; 국가별 가격 상이
A141: CP140 | B141: 베터헬프(BetterHelp) | C141: 정신건강 | D141: 매칭연결 | E141: 미국 | F141: 카테고리리더 | G141: 라이프스타일 | H141: 개인,기업임직원 | I141: 온라인 심리상담 플랫폼 | J141: 심리상담,상담사매칭,온라인치료 | K141: 메시지상담,영상상담,전화상담,상담사교체 | L141: Two-sided Market(양면시장) | M141: 온라인 상담사 매칭과 메시지·전화·영상 상담을 제공하는 글로벌 심리상담 플랫폼 | N141: 2026-09-13 | O141: 2026-09-13 | S141: 상담사별 품질과 적합도 편차가 존재하며, 온라인 상담이 응급·중증 정신건강 치료를 대체할 수 없음 | T141: 주간 구독형 상담 모델; 미국 기준 주당 약 70~100달러 수준으로 상담 빈도와 프로모션에 따라 상이
A142: CP141 | B142: 마음단단 | C142: 정신건강 | D142: 매칭연결 | E142: 한국 | F142: 일반경쟁자 | G142: 라이프스타일 | H142: 개인,기업임직원 | I142: 전문 심리상담·EAP 플랫폼 | J142: 심리상담,AI상담,EAP | K142: 상품형상담,구독형상담,기업관리,상담사매칭 | L142: Two-sided Market(양면시장) | M142: AI 상담과 전문 상담을 연결하고 개인 및 기업 EAP를 지원하는 하이브리드 멘탈케어 플랫폼 | N142: 2026-09-13 | O142: 2026-09-13 | S142: AI 상담과 전문 상담의 품질 차이가 존재하며, 기업 도입 여부와 상담사 공급에 따라 이용 가능 범위가 달라질 수 있음 | T142: 상품형 상담·구독형 상담·기업 EAP 계약 혼합; 개인 및 기업별 가격 상이
A143: CP142 | B143: 건강수첩 | C143: 만성질환 | D143: 데이터기록관리 | E143: 한국 | F143: 일반경쟁자 | G143: 라이프스타일 | H143: 개인,만성질환자 | I143: 혈압·당뇨 건강관리 앱 | J143: 혈압관리,혈당관리,건강기록 | K143: 혈압기록,혈당기록,검진기록,생활습관 | L143: Freemium(프리미엄) | M143: 혈압·혈당 등 만성질환 관련 건강 데이터를 기록하고 개인 건강관리를 지원하는 앱 | N143: 2026-09-13 | O143: 2026-09-13 | S143: 수기 입력 의존도가 높을 수 있으며, 기록 관리만으로 질환 치료와 의료진의 임상적 판단을 대체하기 어려움 | T143: 기본 앱 무료 또는 무료 중심; 유료 기능 및 최신 가격은 앱스토어 확인 필요
A144: CP143 | B144: 채움건강 | C144: 만성질환 | D144: 개입치료 | E144: 한국 | F144: 일반경쟁자 | G144: 생체지표 | H144: 개인,만성질환위험군,보건소 | I144: 공공 모바일 만성질환 관리 서비스 | J144: 혈압관리,혈당관리,생활습관 | K144: 식단기록,운동기록,전문가피드백,건강미션 | L144: Public Service(공공서비스) | M144: 보건소와 연계해 혈압·혈당·체중·운동·식단을 관리하고 영양사·운동전문가 피드백을 제공하는 서비스 | N144: 2026-09-13 | O144: 2026-09-13 | S144: 참여 보건소와 사업 대상에 따라 이용 가능 여부가 달라지며, 운영 기간과 지역이 제한될 수 있음 | T144: 보건소·공공사업 참여자 대상 무료 또는 지원형; 지역·사업별 이용 조건 상이
...

Sheet bm_mapping
A1: mapping_id | B1: category_1 | C1: category_2 | D1: target | E1: service_type | F1: bm_pattern | G1: frequency_score | H1: frequency_score_global | I1: precedent_level | J1: contributing_competitor_ids | K1: evidence_id | L1: last_computed_at
A2: =IF(B2="","","BM"&TEXT(ROW()-1,"000")) | B2: {=IFERROR(INDEX(competitors!$C$2:$C$101,MATCH(1,competitors!$R$2:$R$101,0)),"")} | C2: {=IFERROR(INDEX(competitors!$D$2:$D$101,MATCH(1,competitors!$R$2:$R$101,0)),"")} | D2: {=IFERROR(INDEX(competitors!$H$2:$H$101,MATCH(1,competitors!$R$2:$R$101,0)),"")} | E2: {=IFERROR(INDEX(competitors!$I$2:$I$101,MATCH(1,competitors!$R$2:$R$101,0)),"")} | F2: {=IFERROR(INDEX(competitors!$L$2:$L$101,MATCH(1,competitors!$R$2:$R$101,0)),"")} | G2: =IF(B2="","",COUNTIFS(competitors!$C$2:$C$101,B2,competitors!$D$2:$D$101,C2,competitors!$H$2:$H$101,D2,competitors!$I$2:$I$101,E2,competitors!$L$2:$L$101,F2,competitors!$E$2:$E$101,"한국")) | H2: =IF(B2="","",COUNTIFS(competitors!$C$2:$C$101,B2,competitors!$D$2:$D$101,C2,competitors!$H$2:$H$101,D2,competitors!$I$2:$I$101,E2,competitors!$L$2:$L$101,F2)) | I2: =IF(B2="","",IF(G2>=5,"많음",IF(G2>=3,"중간",IF(G2>=1,"적음",IF(H2>=1,"가능","어려움"))))) | J2: {=IF(B2="","",TEXTJOIN(", ",TRUE(),IF((competitors!$C$2:$C$101=B2)*(competitors!$D$2:$D$101=C2)*(competitors!$H$2:$H$101=D2)*(competitors!$I$2:$I$101=E2)*(competitors!$L$2:$L$101=F2),competitors!$B$2:$B$101,"")))} | L2: =IF(B2="","",TODAY())
A3: =IF(B3="","","BM"&TEXT(ROW()-1,"000")) | B3: {=IFERROR(INDEX(competitors!$C$2:$C$101,MATCH(2,competitors!$R$2:$R$101,0)),"")} | C3: {=IFERROR(INDEX(competitors!$D$2:$D$101,MATCH(2,competitors!$R$2:$R$101,0)),"")} | D3: {=IFERROR(INDEX(competitors!$H$2:$H$101,MATCH(2,competitors!$R$2:$R$101,0)),"")} | E3: {=IFERROR(INDEX(competitors!$I$2:$I$101,MATCH(2,competitors!$R$2:$R$101,0)),"")} | F3: {=IFERROR(INDEX(competitors!$L$2:$L$101,MATCH(2,competitors!$R$2:$R$101,0)),"")} | G3: =IF(B3="","",COUNTIFS(competitors!$C$2:$C$101,B3,competitors!$D$2:$D$101,C3,competitors!$H$2:$H$101,D3,competitors!$I$2:$I$101,E3,competitors!$L$2:$L$101,F3,competitors!$E$2:$E$101,"한국")) | H3: =IF(B3="","",COUNTIFS(competitors!$C$2:$C$101,B3,competitors!$D$2:$D$101,C3,competitors!$H$2:$H$101,D3,competitors!$I$2:$I$101,E3,competitors!$L$2:$L$101,F3)) | I3: =IF(B3="","",IF(G3>=5,"많음",IF(G3>=3,"중간",IF(G3>=1,"적음",IF(H3>=1,"가능","어려움"))))) | J3: {=IF(B3="","",TEXTJOIN(", ",TRUE(),IF((competitors!$C$2:$C$101=B3)*(competitors!$D$2:$D$101=C3)*(competitors!$H$2:$H$101=D3)*(competitors!$I$2:$I$101=E3)*(competitors!$L$2:$L$101=F3),competitors!$B$2:$B$101,"")))} | L3: =IF(B3="","",TODAY())
A4: =IF(B4="","","BM"&TEXT(ROW()-1,"000")) | B4: {=IFERROR(INDEX(competitors!$C$2:$C$101,MATCH(3,competitors!$R$2:$R$101,0)),"")} | C4: {=IFERROR(INDEX(competitors!$D$2:$D$101,MATCH(3,competitors!$R$2:$R$101,0)),"")} | D4: {=IFERROR(INDEX(competitors!$H$2:$H$101,MATCH(3,competitors!$R$2:$R$101,0)),"")} | E4: {=IFERROR(INDEX(competitors!$I$2:$I$101,MATCH(3,competitors!$R$2:$R$101,0)),"")} | F4: {=IFERROR(INDEX(competitors!$L$2:$L$101,MATCH(3,competitors!$R$2:$R$101,0)),"")} | G4: =IF(B4="","",COUNTIFS(competitors!$C$2:$C$101,B4,competitors!$D$2:$D$101,C4,competitors!$H$2:$H$101,D4,competitors!$I$2:$I$101,E4,competitors!$L$2:$L$101,F4,competitors!$E$2:$E$101,"한국")) | H4: =IF(B4="","",COUNTIFS(competitors!$C$2:$C$101,B4,competitors!$D$2:$D$101,C4,competitors!$H$2:$H$101,D4,competitors!$I$2:$I$101,E4,competitors!$L$2:$L$101,F4)) | I4: =IF(B4="","",IF(G4>=5,"많음",IF(G4>=3,"중간",IF(G4>=1,"적음",IF(H4>=1,"가능","어려움"))))) | J4: {=IF(B4="","",TEXTJOIN(", ",TRUE(),IF((competitors!$C$2:$C$101=B4)*(competitors!$D$2:$D$101=C4)*(competitors!$H$2:$H$101=D4)*(competitors!$I$2:$I$101=E4)*(competitors!$L$2:$L$101=F4),competitors!$B$2:$B$101,"")))} | L4: =IF(B4="","",TODAY())
A5: =IF(B5="","","BM"&TEXT(ROW()-1,"000")) | B5: {=IFERROR(INDEX(competitors!$C$2:$C$101,MATCH(4,competitors!$R$2:$R$101,0)),"")} | C5: {=IFERROR(INDEX(competitors!$D$2:$D$101,MATCH(4,competitors!$R$2:$R$101,0)),"")} | D5: {=IFERROR(INDEX(competitors!$H$2:$H$101,MATCH(4,competitors!$R$2:$R$101,0)),"")} | E5: {=IFERROR(INDEX(competitors!$I$2:$I$101,MATCH(4,competitors!$R$2:$R$101,0)),"")} | F5: {=IFERROR(INDEX(competitors!$L$2:$L$101,MATCH(4,competitors!$R$2:$R$101,0)),"")} | G5: =IF(B5="","",COUNTIFS(competitors!$C$2:$C$101,B5,competitors!$D$2:$D$101,C5,competitors!$H$2:$H$101,D5,competitors!$I$2:$I$101,E5,competitors!$L$2:$L$101,F5,competitors!$E$2:$E$101,"한국")) | H5: =IF(B5="","",COUNTIFS(competitors!$C$2:$C$101,B5,competitors!$D$2:$D$101,C5,competitors!$H$2:$H$101,D5,competitors!$I$2:$I$101,E5,competitors!$L$2:$L$101,F5)) | I5: =IF(B5="","",IF(G5>=5,"많음",IF(G5>=3,"중간",IF(G5>=1,"적음",IF(H5>=1,"가능","어려움"))))) | J5: {=IF(B5="","",TEXTJOIN(", ",TRUE(),IF((competitors!$C$2:$C$101=B5)*(competitors!$D$2:$D$101=C5)*(competitors!$H$2:$H$101=D5)*(competitors!$I$2:$I$101=E5)*(competitors!$L$2:$L$101=F5),competitors!$B$2:$B$101,"")))} | L5: =IF(B5="","",TODAY())
A6: =IF(B6="","","BM"&TEXT(ROW()-1,"000")) | B6: {=IFERROR(INDEX(competitors!$C$2:$C$101,MATCH(5,competitors!$R$2:$R$101,0)),"")} | C6: {=IFERROR(INDEX(competitors!$D$2:$D$101,MATCH(5,competitors!$R$2:$R$101,0)),"")} | D6: {=IFERROR(INDEX(competitors!$H$2:$H$101,MATCH(5,competitors!$R$2:$R$101,0)),"")} | E6: {=IFERROR(INDEX(competitors!$I$2:$I$101,MATCH(5,competitors!$R$2:$R$101,0)),"")} | F6: {=IFERROR(INDEX(competitors!$L$2:$L$101,MATCH(5,competitors!$R$2:$R$101,0)),"")} | G6: =IF(B6="","",COUNTIFS(competitors!$C$2:$C$101,B6,competitors!$D$2:$D$101,C6,competitors!$H$2:$H$101,D6,competitors!$I$2:$I$101,E6,competitors!$L$2:$L$101,F6,competitors!$E$2:$E$101,"한국")) | H6: =IF(B6="","",COUNTIFS(competitors!$C$2:$C$101,B6,competitors!$D$2:$D$101,C6,competitors!$H$2:$H$101,D6,competitors!$I$2:$I$101,E6,competitors!$L$2:$L$101,F6)) | I6: =IF(B6="","",IF(G6>=5,"많음",IF(G6>=3,"중간",IF(G6>=1,"적음",IF(H6>=1,"가능","어려움"))))) | J6: {=IF(B6="","",TEXTJOIN(", ",TRUE(),IF((competitors!$C$2:$C$101=B6)*(competitors!$D$2:$D$101=C6)*(competitors!$H$2:$H$101=D6)*(competitors!$I$2:$I$101=E6)*(competitors!$L$2:$L$101=F6),competitors!$B$2:$B$101,"")))} | L6: =IF(B6="","",TODAY())
A7: =IF(B7="","","BM"&TEXT(ROW()-1,"000")) | B7: {=IFERROR(INDEX(competitors!$C$2:$C$101,MATCH(6,competitors!$R$2:$R$101,0)),"")} | C7: {=IFERROR(INDEX(competitors!$D$2:$D$101,MATCH(6,competitors!$R$2:$R$101,0)),"")} | D7: {=IFERROR(INDEX(competitors!$H$2:$H$101,MATCH(6,competitors!$R$2:$R$101,0)),"")} | E7: {=IFERROR(INDEX(competitors!$I$2:$I$101,MATCH(6,competitors!$R$2:$R$101,0)),"")} | F7: {=IFERROR(INDEX(competitors!$L$2:$L$101,MATCH(6,competitors!$R$2:$R$101,0)),"")} | G7: =IF(B7="","",COUNTIFS(competitors!$C$2:$C$101,B7,competitors!$D$2:$D$101,C7,competitors!$H$2:$H$101,D7,competitors!$I$2:$I$101,E7,competitors!$L$2:$L$101,F7,competitors!$E$2:$E$101,"한국")) | H7: =IF(B7="","",COUNTIFS(competitors!$C$2:$C$101,B7,competitors!$D$2:$D$101,C7,competitors!$H$2:$H$101,D7,competitors!$I$2:$I$101,E7,competitors!$L$2:$L$101,F7)) | I7: =IF(B7="","",IF(G7>=5,"많음",IF(G7>=3,"중간",IF(G7>=1,"적음",IF(H7>=1,"가능","어려움"))))) | J7: {=IF(B7="","",TEXTJOIN(", ",TRUE(),IF((competitors!$C$2:$C$101=B7)*(competitors!$D$2:$D$101=C7)*(competitors!$H$2:$H$101=D7)*(competitors!$I$2:$I$101=E7)*(competitors!$L$2:$L$101=F7),competitors!$B$2:$B$101,"")))} | L7: =IF(B7="","",TODAY())
A8: =IF(B8="","","BM"&TEXT(ROW()-1,"000")) | B8: {=IFERROR(INDEX(competitors!$C$2:$C$101,MATCH(7,competitors!$R$2:$R$101,0)),"")} | C8: {=IFERROR(INDEX(competitors!$D$2:$D$101,MATCH(7,competitors!$R$2:$R$101,0)),"")} | D8: {=IFERROR(INDEX(competitors!$H$2:$H$101,MATCH(7,competitors!$R$2:$R$101,0)),"")} | E8: {=IFERROR(INDEX(competitors!$I$2:$I$101,MATCH(7,competitors!$R$2:$R$101,0)),"")} | F8: {=IFERROR(INDEX(competitors!$L$2:$L$101,MATCH(7,competitors!$R$2:$R$101,0)),"")} | G8: =IF(B8="","",COUNTIFS(competitors!$C$2:$C$101,B8,competitors!$D$2:$D$101,C8,competitors!$H$2:$H$101,D8,competitors!$I$2:$I$101,E8,competitors!$L$2:$L$101,F8,competitors!$E$2:$E$101,"한국")) | H8: =IF(B8="","",COUNTIFS(competitors!$C$2:$C$101,B8,competitors!$D$2:$D$101,C8,competitors!$H$2:$H$101,D8,competitors!$I$2:$I$101,E8,competitors!$L$2:$L$101,F8)) | I8: =IF(B8="","",IF(G8>=5,"많음",IF(G8>=3,"중간",IF(G8>=1,"적음",IF(H8>=1,"가능","어려움"))))) | J8: {=IF(B8="","",TEXTJOIN(", ",TRUE(),IF((competitors!$C$2:$C$101=B8)*(competitors!$D$2:$D$101=C8)*(competitors!$H$2:$H$101=D8)*(competitors!$I$2:$I$101=E8)*(competitors!$L$2:$L$101=F8),competitors!$B$2:$B$101,"")))} | L8: =IF(B8="","",TODAY())
A9: =IF(B9="","","BM"&TEXT(ROW()-1,"000")) | B9: {=IFERROR(INDEX(competitors!$C$2:$C$101,MATCH(8,competitors!$R$2:$R$101,0)),"")} | C9: {=IFERROR(INDEX(competitors!$D$2:$D$101,MATCH(8,competitors!$R$2:$R$101,0)),"")} | D9: {=IFERROR(INDEX(competitors!$H$2:$H$101,MATCH(8,competitors!$R$2:$R$101,0)),"")} | E9: {=IFERROR(INDEX(competitors!$I$2:$I$101,MATCH(8,competitors!$R$2:$R$101,0)),"")} | F9: {=IFERROR(INDEX(competitors!$L$2:$L$101,MATCH(8,competitors!$R$2:$R$101,0)),"")} | G9: =IF(B9="","",COUNTIFS(competitors!$C$2:$C$101,B9,competitors!$D$2:$D$101,C9,competitors!$H$2:$H$101,D9,competitors!$I$2:$I$101,E9,competitors!$L$2:$L$101,F9,competitors!$E$2:$E$101,"한국")) | H9: =IF(B9="","",COUNTIFS(competitors!$C$2:$C$101,B9,competitors!$D$2:$D$101,C9,competitors!$H$2:$H$101,D9,competitors!$I$2:$I$101,E9,competitors!$L$2:$L$101,F9)) | I9: =IF(B9="","",IF(G9>=5,"많음",IF(G9>=3,"중간",IF(G9>=1,"적음",IF(H9>=1,"가능","어려움"))))) | J9: {=IF(B9="","",TEXTJOIN(", ",TRUE(),IF((competitors!$C$2:$C$101=B9)*(competitors!$D$2:$D$101=C9)*(competitors!$H$2:$H$101=D9)*(competitors!$I$2:$I$101=E9)*(competitors!$L$2:$L$101=F9),competitors!$B$2:$B$101,"")))} | L9: =IF(B9="","",TODAY())
A10: =IF(B10="","","BM"&TEXT(ROW()-1,"000")) | B10: {=IFERROR(INDEX(competitors!$C$2:$C$101,MATCH(9,competitors!$R$2:$R$101,0)),"")} | C10: {=IFERROR(INDEX(competitors!$D$2:$D$101,MATCH(9,competitors!$R$2:$R$101,0)),"")} | D10: {=IFERROR(INDEX(competitors!$H$2:$H$101,MATCH(9,competitors!$R$2:$R$101,0)),"")} | E10: {=IFERROR(INDEX(competitors!$I$2:$I$101,MATCH(9,competitors!$R$2:$R$101,0)),"")} | F10: {=IFERROR(INDEX(competitors!$L$2:$L$101,MATCH(9,competitors!$R$2:$R$101,0)),"")} | G10: =IF(B10="","",COUNTIFS(competitors!$C$2:$C$101,B10,competitors!$D$2:$D$101,C10,competitors!$H$2:$H$101,D10,competitors!$I$2:$I$101,E10,competitors!$L$2:$L$101,F10,competitors!$E$2:$E$101,"한국")) | H10: =IF(B10="","",COUNTIFS(competitors!$C$2:$C$101,B10,competitors!$D$2:$D$101,C10,competitors!$H$2:$H$101,D10,competitors!$I$2:$I$101,E10,competitors!$L$2:$L$101,F10)) | I10: =IF(B10="","",IF(G10>=5,"많음",IF(G10>=3,"중간",IF(G10>=1,"적음",IF(H10>=1,"가능","어려움"))))) | J10: {=IF(B10="","",TEXTJOIN(", ",TRUE(),IF((competitors!$C$2:$C$101=B10)*(competitors!$D$2:$D$101=C10)*(competitors!$H$2:$H$101=D10)*(competitors!$I$2:$I$101=E10)*(competitors!$L$2:$L$101=F10),competitors!$B$2:$B$101,"")))} | L10: =IF(B10="","",TODAY())
A11: =IF(B11="","","BM"&TEXT(ROW()-1,"000")) | B11: {=IFERROR(INDEX(competitors!$C$2:$C$101,MATCH(10,competitors!$R$2:$R$101,0)),"")} | C11: {=IFERROR(INDEX(competitors!$D$2:$D$101,MATCH(10,competitors!$R$2:$R$101,0)),"")} | D11: {=IFERROR(INDEX(competitors!$H$2:$H$101,MATCH(10,competitors!$R$2:$R$101,0)),"")} | E11: {=IFERROR(INDEX(competitors!$I$2:$I$101,MATCH(10,competitors!$R$2:$R$101,0)),"")} | F11: {=IFERROR(INDEX(competitors!$L$2:$L$101,MATCH(10,competitors!$R$2:$R$101,0)),"")} | G11: =IF(B11="","",COUNTIFS(competitors!$C$2:$C$101,B11,competitors!$D$2:$D$101,C11,competitors!$H$2:$H$101,D11,competitors!$I$2:$I$101,E11,competitors!$L$2:$L$101,F11,competitors!$E$2:$E$101,"한국")) | H11: =IF(B11="","",COUNTIFS(competitors!$C$2:$C$101,B11,competitors!$D$2:$D$101,C11,competitors!$H$2:$H$101,D11,competitors!$I$2:$I$101,E11,competitors!$L$2:$L$101,F11)) | I11: =IF(B11="","",IF(G11>=5,"많음",IF(G11>=3,"중간",IF(G11>=1,"적음",IF(H11>=1,"가능","어려움"))))) | J11: {=IF(B11="","",TEXTJOIN(", ",TRUE(),IF((competitors!$C$2:$C$101=B11)*(competitors!$D$2:$D$101=C11)*(competitors!$H$2:$H$101=D11)*(competitors!$I$2:$I$101=E11)*(competitors!$L$2:$L$101=F11),competitors!$B$2:$B$101,"")))} | L11: =IF(B11="","",TODAY())
A12: =IF(B12="","","BM"&TEXT(ROW()-1,"000")) | B12: {=IFERROR(INDEX(competitors!$C$2:$C$101,MATCH(11,competitors!$R$2:$R$101,0)),"")} | C12: {=IFERROR(INDEX(competitors!$D$2:$D$101,MATCH(11,competitors!$R$2:$R$101,0)),"")} | D12: {=IFERROR(INDEX(competitors!$H$2:$H$101,MATCH(11,competitors!$R$2:$R$101,0)),"")} | E12: {=IFERROR(INDEX(competitors!$I$2:$I$101,MATCH(11,competitors!$R$2:$R$101,0)),"")} | F12: {=IFERROR(INDEX(competitors!$L$2:$L$101,MATCH(11,competitors!$R$2:$R$101,0)),"")} | G12: =IF(B12="","",COUNTIFS(competitors!$C$2:$C$101,B12,competitors!$D$2:$D$101,C12,competitors!$H$2:$H$101,D12,competitors!$I$2:$I$101,E12,competitors!$L$2:$L$101,F12,competitors!$E$2:$E$101,"한국")) | H12: =IF(B12="","",COUNTIFS(competitors!$C$2:$C$101,B12,competitors!$D$2:$D$101,C12,competitors!$H$2:$H$101,D12,competitors!$I$2:$I$101,E12,competitors!$L$2:$L$101,F12)) | I12: =IF(B12="","",IF(G12>=5,"많음",IF(G12>=3,"중간",IF(G12>=1,"적음",IF(H12>=1,"가능","어려움"))))) | J12: {=IF(B12="","",TEXTJOIN(", ",TRUE(),IF((competitors!$C$2:$C$101=B12)*(competitors!$D$2:$D$101=C12)*(competitors!$H$2:$H$101=D12)*(competitors!$I$2:$I$101=E12)*(competitors!$L$2:$L$101=F12),competitors!$B$2:$B$101,"")))} | L12: =IF(B12="","",TODAY())
A13: =IF(B13="","","BM"&TEXT(ROW()-1,"000")) | B13: {=IFERROR(INDEX(competitors!$C$2:$C$101,MATCH(12,competitors!$R$2:$R$101,0)),"")} | C13: {=IFERROR(INDEX(competitors!$D$2:$D$101,MATCH(12,competitors!$R$2:$R$101,0)),"")} | D13: {=IFERROR(INDEX(competitors!$H$2:$H$101,MATCH(12,competitors!$R$2:$R$101,0)),"")} | E13: {=IFERROR(INDEX(competitors!$I$2:$I$101,MATCH(12,competitors!$R$2:$R$101,0)),"")} | F13: {=IFERROR(INDEX(competitors!$L$2:$L$101,MATCH(12,competitors!$R$2:$R$101,0)),"")} | G13: =IF(B13="","",COUNTIFS(competitors!$C$2:$C$101,B13,competitors!$D$2:$D$101,C13,competitors!$H$2:$H$101,D13,competitors!$I$2:$I$101,E13,competitors!$L$2:$L$101,F13,competitors!$E$2:$E$101,"한국")) | H13: =IF(B13="","",COUNTIFS(competitors!$C$2:$C$101,B13,competitors!$D$2:$D$101,C13,competitors!$H$2:$H$101,D13,competitors!$I$2:$I$101,E13,competitors!$L$2:$L$101,F13)) | I13: =IF(B13="","",IF(G13>=5,"많음",IF(G13>=3,"중간",IF(G13>=1,"적음",IF(H13>=1,"가능","어려움"))))) | J13: {=IF(B13="","",TEXTJOIN(", ",TRUE(),IF((competitors!$C$2:$C$101=B13)*(competitors!$D$2:$D$101=C13)*(competitors!$H$2:$H$101=D13)*(competitors!$I$2:$I$101=E13)*(competitors!$L$2:$L$101=F13),competitors!$B$2:$B$101,"")))} | L13: =IF(B13="","",TODAY())
A14: =IF(B14="","","BM"&TEXT(ROW()-1,"000")) | B14: {=IFERROR(INDEX(competitors!$C$2:$C$101,MATCH(13,competitors!$R$2:$R$101,0)),"")} | C14: {=IFERROR(INDEX(competitors!$D$2:$D$101,MATCH(13,competitors!$R$2:$R$101,0)),"")} | D14: {=IFERROR(INDEX(competitors!$H$2:$H$101,MATCH(13,competitors!$R$2:$R$101,0)),"")} | E14: {=IFERROR(INDEX(competitors!$I$2:$I$101,MATCH(13,competitors!$R$2:$R$101,0)),"")} | F14: {=IFERROR(INDEX(competitors!$L$2:$L$101,MATCH(13,competitors!$R$2:$R$101,0)),"")} | G14: =IF(B14="","",COUNTIFS(competitors!$C$2:$C$101,B14,competitors!$D$2:$D$101,C14,competitors!$H$2:$H$101,D14,competitors!$I$2:$I$101,E14,competitors!$L$2:$L$101,F14,competitors!$E$2:$E$101,"한국")) | H14: =IF(B14="","",COUNTIFS(competitors!$C$2:$C$101,B14,competitors!$D$2:$D$101,C14,competitors!$H$2:$H$101,D14,competitors!$I$2:$I$101,E14,competitors!$L$2:$L$101,F14)) | I14: =IF(B14="","",IF(G14>=5,"많음",IF(G14>=3,"중간",IF(G14>=1,"적음",IF(H14>=1,"가능","어려움"))))) | J14: {=IF(B14="","",TEXTJOIN(", ",TRUE(),IF((competitors!$C$2:$C$101=B14)*(competitors!$D$2:$D$101=C14)*(competitors!$H$2:$H$101=D14)*(competitors!$I$2:$I$101=E14)*(competitors!$L$2:$L$101=F14),competitors!$B$2:$B$101,"")))} | L14: =IF(B14="","",TODAY())
A15: =IF(B15="","","BM"&TEXT(ROW()-1,"000")) | B15: {=IFERROR(INDEX(competitors!$C$2:$C$101,MATCH(14,competitors!$R$2:$R$101,0)),"")} | C15: {=IFERROR(INDEX(competitors!$D$2:$D$101,MATCH(14,competitors!$R$2:$R$101,0)),"")} | D15: {=IFERROR(INDEX(competitors!$H$2:$H$101,MATCH(14,competitors!$R$2:$R$101,0)),"")} | E15: {=IFERROR(INDEX(competitors!$I$2:$I$101,MATCH(14,competitors!$R$2:$R$101,0)),"")} | F15: {=IFERROR(INDEX(competitors!$L$2:$L$101,MATCH(14,competitors!$R$2:$R$101,0)),"")} | G15: =IF(B15="","",COUNTIFS(competitors!$C$2:$C$101,B15,competitors!$D$2:$D$101,C15,competitors!$H$2:$H$101,D15,competitors!$I$2:$I$101,E15,competitors!$L$2:$L$101,F15,competitors!$E$2:$E$101,"한국")) | H15: =IF(B15="","",COUNTIFS(competitors!$C$2:$C$101,B15,competitors!$D$2:$D$101,C15,competitors!$H$2:$H$101,D15,competitors!$I$2:$I$101,E15,competitors!$L$2:$L$101,F15)) | I15: =IF(B15="","",IF(G15>=5,"많음",IF(G15>=3,"중간",IF(G15>=1,"적음",IF(H15>=1,"가능","어려움"))))) | J15: {=IF(B15="","",TEXTJOIN(", ",TRUE(),IF((competitors!$C$2:$C$101=B15)*(competitors!$D$2:$D$101=C15)*(competitors!$H$2:$H$101=D15)*(competitors!$I$2:$I$101=E15)*(competitors!$L$2:$L$101=F15),competitors!$B$2:$B$101,"")))} | L15: =IF(B15="","",TODAY())
A16: =IF(B16="","","BM"&TEXT(ROW()-1,"000")) | B16: {=IFERROR(INDEX(competitors!$C$2:$C$101,MATCH(15,competitors!$R$2:$R$101,0)),"")} | C16: {=IFERROR(INDEX(competitors!$D$2:$D$101,MATCH(15,competitors!$R$2:$R$101,0)),"")} | D16: {=IFERROR(INDEX(competitors!$H$2:$H$101,MATCH(15,competitors!$R$2:$R$101,0)),"")} | E16: {=IFERROR(INDEX(competitors!$I$2:$I$101,MATCH(15,competitors!$R$2:$R$101,0)),"")} | F16: {=IFERROR(INDEX(competitors!$L$2:$L$101,MATCH(15,competitors!$R$2:$R$101,0)),"")} | G16: =IF(B16="","",COUNTIFS(competitors!$C$2:$C$101,B16,competitors!$D$2:$D$101,C16,competitors!$H$2:$H$101,D16,competitors!$I$2:$I$101,E16,competitors!$L$2:$L$101,F16,competitors!$E$2:$E$101,"한국")) | H16: =IF(B16="","",COUNTIFS(competitors!$C$2:$C$101,B16,competitors!$D$2:$D$101,C16,competitors!$H$2:$H$101,D16,competitors!$I$2:$I$101,E16,competitors!$L$2:$L$101,F16)) | I16: =IF(B16="","",IF(G16>=5,"많음",IF(G16>=3,"중간",IF(G16>=1,"적음",IF(H16>=1,"가능","어려움"))))) | J16: {=IF(B16="","",TEXTJOIN(", ",TRUE(),IF((competitors!$C$2:$C$101=B16)*(competitors!$D$2:$D$101=C16)*(competitors!$H$2:$H$101=D16)*(competitors!$I$2:$I$101=E16)*(competitors!$L$2:$L$101=F16),competitors!$B$2:$B$101,"")))} | L16: =IF(B16="","",TODAY())
A17: =IF(B17="","","BM"&TEXT(ROW()-1,"000")) | B17: {=IFERROR(INDEX(competitors!$C$2:$C$101,MATCH(16,competitors!$R$2:$R$101,0)),"")} | C17: {=IFERROR(INDEX(competitors!$D$2:$D$101,MATCH(16,competitors!$R$2:$R$101,0)),"")} | D17: {=IFERROR(INDEX(competitors!$H$2:$H$101,MATCH(16,competitors!$R$2:$R$101,0)),"")} | E17: {=IFERROR(INDEX(competitors!$I$2:$I$101,MATCH(16,competitors!$R$2:$R$101,0)),"")} | F17: {=IFERROR(INDEX(competitors!$L$2:$L$101,MATCH(16,competitors!$R$2:$R$101,0)),"")} | G17: =IF(B17="","",COUNTIFS(competitors!$C$2:$C$101,B17,competitors!$D$2:$D$101,C17,competitors!$H$2:$H$101,D17,competitors!$I$2:$I$101,E17,competitors!$L$2:$L$101,F17,competitors!$E$2:$E$101,"한국")) | H17: =IF(B17="","",COUNTIFS(competitors!$C$2:$C$101,B17,competitors!$D$2:$D$101,C17,competitors!$H$2:$H$101,D17,competitors!$I$2:$I$101,E17,competitors!$L$2:$L$101,F17)) | I17: =IF(B17="","",IF(G17>=5,"많음",IF(G17>=3,"중간",IF(G17>=1,"적음",IF(H17>=1,"가능","어려움"))))) | J17: {=IF(B17="","",TEXTJOIN(", ",TRUE(),IF((competitors!$C$2:$C$101=B17)*(competitors!$D$2:$D$101=C17)*(competitors!$H$2:$H$101=D17)*(competitors!$I$2:$I$101=E17)*(competitors!$L$2:$L$101=F17),competitors!$B$2:$B$101,"")))} | L17: =IF(B17="","",TODAY())
A18: =IF(B18="","","BM"&TEXT(ROW()-1,"000")) | B18: {=IFERROR(INDEX(competitors!$C$2:$C$101,MATCH(17,competitors!$R$2:$R$101,0)),"")} | C18: {=IFERROR(INDEX(competitors!$D$2:$D$101,MATCH(17,competitors!$R$2:$R$101,0)),"")} | D18: {=IFERROR(INDEX(competitors!$H$2:$H$101,MATCH(17,competitors!$R$2:$R$101,0)),"")} | E18: {=IFERROR(INDEX(competitors!$I$2:$I$101,MATCH(17,competitors!$R$2:$R$101,0)),"")} | F18: {=IFERROR(INDEX(competitors!$L$2:$L$101,MATCH(17,competitors!$R$2:$R$101,0)),"")} | G18: =IF(B18="","",COUNTIFS(competitors!$C$2:$C$101,B18,competitors!$D$2:$D$101,C18,competitors!$H$2:$H$101,D18,competitors!$I$2:$I$101,E18,competitors!$L$2:$L$101,F18,competitors!$E$2:$E$101,"한국")) | H18: =IF(B18="","",COUNTIFS(competitors!$C$2:$C$101,B18,competitors!$D$2:$D$101,C18,competitors!$H$2:$H$101,D18,competitors!$I$2:$I$101,E18,competitors!$L$2:$L$101,F18)) | I18: =IF(B18="","",IF(G18>=5,"많음",IF(G18>=3,"중간",IF(G18>=1,"적음",IF(H18>=1,"가능","어려움"))))) | J18: {=IF(B18="","",TEXTJOIN(", ",TRUE(),IF((competitors!$C$2:$C$101=B18)*(competitors!$D$2:$D$101=C18)*(competitors!$H$2:$H$101=D18)*(competitors!$I$2:$I$101=E18)*(competitors!$L$2:$L$101=F18),competitors!$B$2:$B$101,"")))} | L18: =IF(B18="","",TODAY())
A19: =IF(B19="","","BM"&TEXT(ROW()-1,"000")) | B19: {=IFERROR(INDEX(competitors!$C$2:$C$101,MATCH(18,competitors!$R$2:$R$101,0)),"")} | C19: {=IFERROR(INDEX(competitors!$D$2:$D$101,MATCH(18,competitors!$R$2:$R$101,0)),"")} | D19: {=IFERROR(INDEX(competitors!$H$2:$H$101,MATCH(18,competitors!$R$2:$R$101,0)),"")} | E19: {=IFERROR(INDEX(competitors!$I$2:$I$101,MATCH(18,competitors!$R$2:$R$101,0)),"")} | F19: {=IFERROR(INDEX(competitors!$L$2:$L$101,MATCH(18,competitors!$R$2:$R$101,0)),"")} | G19: =IF(B19="","",COUNTIFS(competitors!$C$2:$C$101,B19,competitors!$D$2:$D$101,C19,competitors!$H$2:$H$101,D19,competitors!$I$2:$I$101,E19,competitors!$L$2:$L$101,F19,competitors!$E$2:$E$101,"한국")) | H19: =IF(B19="","",COUNTIFS(competitors!$C$2:$C$101,B19,competitors!$D$2:$D$101,C19,competitors!$H$2:$H$101,D19,competitors!$I$2:$I$101,E19,competitors!$L$2:$L$101,F19)) | I19: =IF(B19="","",IF(G19>=5,"많음",IF(G19>=3,"중간",IF(G19>=1,"적음",IF(H19>=1,"가능","어려움"))))) | J19: {=IF(B19="","",TEXTJOIN(", ",TRUE(),IF((competitors!$C$2:$C$101=B19)*(competitors!$D$2:$D$101=C19)*(competitors!$H$2:$H$101=D19)*(competitors!$I$2:$I$101=E19)*(competitors!$L$2:$L$101=F19),competitors!$B$2:$B$101,"")))} | L19: =IF(B19="","",TODAY())
A20: =IF(B20="","","BM"&TEXT(ROW()-1,"000")) | B20: {=IFERROR(INDEX(competitors!$C$2:$C$101,MATCH(19,competitors!$R$2:$R$101,0)),"")} | C20: {=IFERROR(INDEX(competitors!$D$2:$D$101,MATCH(19,competitors!$R$2:$R$101,0)),"")} | D20: {=IFERROR(INDEX(competitors!$H$2:$H$101,MATCH(19,competitors!$R$2:$R$101,0)),"")} | E20: {=IFERROR(INDEX(competitors!$I$2:$I$101,MATCH(19,competitors!$R$2:$R$101,0)),"")} | F20: {=IFERROR(INDEX(competitors!$L$2:$L$101,MATCH(19,competitors!$R$2:$R$101,0)),"")} | G20: =IF(B20="","",COUNTIFS(competitors!$C$2:$C$101,B20,competitors!$D$2:$D$101,C20,competitors!$H$2:$H$101,D20,competitors!$I$2:$I$101,E20,competitors!$L$2:$L$101,F20,competitors!$E$2:$E$101,"한국")) | H20: =IF(B20="","",COUNTIFS(competitors!$C$2:$C$101,B20,competitors!$D$2:$D$101,C20,competitors!$H$2:$H$101,D20,competitors!$I$2:$I$101,E20,competitors!$L$2:$L$101,F20)) | I20: =IF(B20="","",IF(G20>=5,"많음",IF(G20>=3,"중간",IF(G20>=1,"적음",IF(H20>=1,"가능","어려움"))))) | J20: {=IF(B20="","",TEXTJOIN(", ",TRUE(),IF((competitors!$C$2:$C$101=B20)*(competitors!$D$2:$D$101=C20)*(competitors!$H$2:$H$101=D20)*(competitors!$I$2:$I$101=E20)*(competitors!$L$2:$L$101=F20),competitors!$B$2:$B$101,"")))} | L20: =IF(B20="","",TODAY())
A21: =IF(B21="","","BM"&TEXT(ROW()-1,"000")) | B21: {=IFERROR(INDEX(competitors!$C$2:$C$101,MATCH(20,competitors!$R$2:$R$101,0)),"")} | C21: {=IFERROR(INDEX(competitors!$D$2:$D$101,MATCH(20,competitors!$R$2:$R$101,0)),"")} | D21: {=IFERROR(INDEX(competitors!$H$2:$H$101,MATCH(20,competitors!$R$2:$R$101,0)),"")} | E21: {=IFERROR(INDEX(competitors!$I$2:$I$101,MATCH(20,competitors!$R$2:$R$101,0)),"")} | F21: {=IFERROR(INDEX(competitors!$L$2:$L$101,MATCH(20,competitors!$R$2:$R$101,0)),"")} | G21: =IF(B21="","",COUNTIFS(competitors!$C$2:$C$101,B21,competitors!$D$2:$D$101,C21,competitors!$H$2:$H$101,D21,competitors!$I$2:$I$101,E21,competitors!$L$2:$L$101,F21,competitors!$E$2:$E$101,"한국")) | H21: =IF(B21="","",COUNTIFS(competitors!$C$2:$C$101,B21,competitors!$D$2:$D$101,C21,competitors!$H$2:$H$101,D21,competitors!$I$2:$I$101,E21,competitors!$L$2:$L$101,F21)) | I21: =IF(B21="","",IF(G21>=5,"많음",IF(G21>=3,"중간",IF(G21>=1,"적음",IF(H21>=1,"가능","어려움"))))) | J21: {=IF(B21="","",TEXTJOIN(", ",TRUE(),IF((competitors!$C$2:$C$101=B21)*(competitors!$D$2:$D$101=C21)*(competitors!$H$2:$H$101=D21)*(competitors!$I$2:$I$101=E21)*(competitors!$L$2:$L$101=F21),competitors!$B$2:$B$101,"")))} | L21: =IF(B21="","",TODAY())
A22: =IF(B22="","","BM"&TEXT(ROW()-1,"000")) | B22: {=IFERROR(INDEX(competitors!$C$2:$C$101,MATCH(21,competitors!$R$2:$R$101,0)),"")} | C22: {=IFERROR(INDEX(competitors!$D$2:$D$101,MATCH(21,competitors!$R$2:$R$101,0)),"")} | D22: {=IFERROR(INDEX(competitors!$H$2:$H$101,MATCH(21,competitors!$R$2:$R$101,0)),"")} | E22: {=IFERROR(INDEX(competitors!$I$2:$I$101,MATCH(21,competitors!$R$2:$R$101,0)),"")} | F22: {=IFERROR(INDEX(competitors!$L$2:$L$101,MATCH(21,competitors!$R$2:$R$101,0)),"")} | G22: =IF(B22="","",COUNTIFS(competitors!$C$2:$C$101,B22,competitors!$D$2:$D$101,C22,competitors!$H$2:$H$101,D22,competitors!$I$2:$I$101,E22,competitors!$L$2:$L$101,F22,competitors!$E$2:$E$101,"한국")) | H22: =IF(B22="","",COUNTIFS(competitors!$C$2:$C$101,B22,competitors!$D$2:$D$101,C22,competitors!$H$2:$H$101,D22,competitors!$I$2:$I$101,E22,competitors!$L$2:$L$101,F22)) | I22: =IF(B22="","",IF(G22>=5,"많음",IF(G22>=3,"중간",IF(G22>=1,"적음",IF(H22>=1,"가능","어려움"))))) | J22: {=IF(B22="","",TEXTJOIN(", ",TRUE(),IF((competitors!$C$2:$C$101=B22)*(competitors!$D$2:$D$101=C22)*(competitors!$H$2:$H$101=D22)*(competitors!$I$2:$I$101=E22)*(competitors!$L$2:$L$101=F22),competitors!$B$2:$B$101,"")))} | L22: =IF(B22="","",TODAY())
A23: =IF(B23="","","BM"&TEXT(ROW()-1,"000")) | B23: {=IFERROR(INDEX(competitors!$C$2:$C$101,MATCH(22,competitors!$R$2:$R$101,0)),"")} | C23: {=IFERROR(INDEX(competitors!$D$2:$D$101,MATCH(22,competitors!$R$2:$R$101,0)),"")} | D23: {=IFERROR(INDEX(competitors!$H$2:$H$101,MATCH(22,competitors!$R$2:$R$101,0)),"")} | E23: {=IFERROR(INDEX(competitors!$I$2:$I$101,MATCH(22,competitors!$R$2:$R$101,0)),"")} | F23: {=IFERROR(INDEX(competitors!$L$2:$L$101,MATCH(22,competitors!$R$2:$R$101,0)),"")} | G23: =IF(B23="","",COUNTIFS(competitors!$C$2:$C$101,B23,competitors!$D$2:$D$101,C23,competitors!$H$2:$H$101,D23,competitors!$I$2:$I$101,E23,competitors!$L$2:$L$101,F23,competitors!$E$2:$E$101,"한국")) | H23: =IF(B23="","",COUNTIFS(competitors!$C$2:$C$101,B23,competitors!$D$2:$D$101,C23,competitors!$H$2:$H$101,D23,competitors!$I$2:$I$101,E23,competitors!$L$2:$L$101,F23)) | I23: =IF(B23="","",IF(G23>=5,"많음",IF(G23>=3,"중간",IF(G23>=1,"적음",IF(H23>=1,"가능","어려움"))))) | J23: {=IF(B23="","",TEXTJOIN(", ",TRUE(),IF((competitors!$C$2:$C$101=B23)*(competitors!$D$2:$D$101=C23)*(competitors!$H$2:$H$101=D23)*(competitors!$I$2:$I$101=E23)*(competitors!$L$2:$L$101=F23),competitors!$B$2:$B$101,"")))} | L23: =IF(B23="","",TODAY())
A24: =IF(B24="","","BM"&TEXT(ROW()-1,"000")) | B24: {=IFERROR(INDEX(competitors!$C$2:$C$101,MATCH(23,competitors!$R$2:$R$101,0)),"")} | C24: {=IFERROR(INDEX(competitors!$D$2:$D$101,MATCH(23,competitors!$R$2:$R$101,0)),"")} | D24: {=IFERROR(INDEX(competitors!$H$2:$H$101,MATCH(23,competitors!$R$2:$R$101,0)),"")} | E24: {=IFERROR(INDEX(competitors!$I$2:$I$101,MATCH(23,competitors!$R$2:$R$101,0)),"")} | F24: {=IFERROR(INDEX(competitors!$L$2:$L$101,MATCH(23,competitors!$R$2:$R$101,0)),"")} | G24: =IF(B24="","",COUNTIFS(competitors!$C$2:$C$101,B24,competitors!$D$2:$D$101,C24,competitors!$H$2:$H$101,D24,competitors!$I$2:$I$101,E24,competitors!$L$2:$L$101,F24,competitors!$E$2:$E$101,"한국")) | H24: =IF(B24="","",COUNTIFS(competitors!$C$2:$C$101,B24,competitors!$D$2:$D$101,C24,competitors!$H$2:$H$101,D24,competitors!$I$2:$I$101,E24,competitors!$L$2:$L$101,F24)) | I24: =IF(B24="","",IF(G24>=5,"많음",IF(G24>=3,"중간",IF(G24>=1,"적음",IF(H24>=1,"가능","어려움"))))) | J24: {=IF(B24="","",TEXTJOIN(", ",TRUE(),IF((competitors!$C$2:$C$101=B24)*(competitors!$D$2:$D$101=C24)*(competitors!$H$2:$H$101=D24)*(competitors!$I$2:$I$101=E24)*(competitors!$L$2:$L$101=F24),competitors!$B$2:$B$101,"")))} | L24: =IF(B24="","",TODAY())
A25: =IF(B25="","","BM"&TEXT(ROW()-1,"000")) | B25: {=IFERROR(INDEX(competitors!$C$2:$C$101,MATCH(24,competitors!$R$2:$R$101,0)),"")} | C25: {=IFERROR(INDEX(competitors!$D$2:$D$101,MATCH(24,competitors!$R$2:$R$101,0)),"")} | D25: {=IFERROR(INDEX(competitors!$H$2:$H$101,MATCH(24,competitors!$R$2:$R$101,0)),"")} | E25: {=IFERROR(INDEX(competitors!$I$2:$I$101,MATCH(24,competitors!$R$2:$R$101,0)),"")} | F25: {=IFERROR(INDEX(competitors!$L$2:$L$101,MATCH(24,competitors!$R$2:$R$101,0)),"")} | G25: =IF(B25="","",COUNTIFS(competitors!$C$2:$C$101,B25,competitors!$D$2:$D$101,C25,competitors!$H$2:$H$101,D25,competitors!$I$2:$I$101,E25,competitors!$L$2:$L$101,F25,competitors!$E$2:$E$101,"한국")) | H25: =IF(B25="","",COUNTIFS(competitors!$C$2:$C$101,B25,competitors!$D$2:$D$101,C25,competitors!$H$2:$H$101,D25,competitors!$I$2:$I$101,E25,competitors!$L$2:$L$101,F25)) | I25: =IF(B25="","",IF(G25>=5,"많음",IF(G25>=3,"중간",IF(G25>=1,"적음",IF(H25>=1,"가능","어려움"))))) | J25: {=IF(B25="","",TEXTJOIN(", ",TRUE(),IF((competitors!$C$2:$C$101=B25)*(competitors!$D$2:$D$101=C25)*(competitors!$H$2:$H$101=D25)*(competitors!$I$2:$I$101=E25)*(competitors!$L$2:$L$101=F25),competitors!$B$2:$B$101,"")))} | L25: =IF(B25="","",TODAY())
A26: =IF(B26="","","BM"&TEXT(ROW()-1,"000")) | B26: {=IFERROR(INDEX(competitors!$C$2:$C$101,MATCH(25,competitors!$R$2:$R$101,0)),"")} | C26: {=IFERROR(INDEX(competitors!$D$2:$D$101,MATCH(25,competitors!$R$2:$R$101,0)),"")} | D26: {=IFERROR(INDEX(competitors!$H$2:$H$101,MATCH(25,competitors!$R$2:$R$101,0)),"")} | E26: {=IFERROR(INDEX(competitors!$I$2:$I$101,MATCH(25,competitors!$R$2:$R$101,0)),"")} | F26: {=IFERROR(INDEX(competitors!$L$2:$L$101,MATCH(25,competitors!$R$2:$R$101,0)),"")} | G26: =IF(B26="","",COUNTIFS(competitors!$C$2:$C$101,B26,competitors!$D$2:$D$101,C26,competitors!$H$2:$H$101,D26,competitors!$I$2:$I$101,E26,competitors!$L$2:$L$101,F26,competitors!$E$2:$E$101,"한국")) | H26: =IF(B26="","",COUNTIFS(competitors!$C$2:$C$101,B26,competitors!$D$2:$D$101,C26,competitors!$H$2:$H$101,D26,competitors!$I$2:$I$101,E26,competitors!$L$2:$L$101,F26)) | I26: =IF(B26="","",IF(G26>=5,"많음",IF(G26>=3,"중간",IF(G26>=1,"적음",IF(H26>=1,"가능","어려움"))))) | J26: {=IF(B26="","",TEXTJOIN(", ",TRUE(),IF((competitors!$C$2:$C$101=B26)*(competitors!$D$2:$D$101=C26)*(competitors!$H$2:$H$101=D26)*(competitors!$I$2:$I$101=E26)*(competitors!$L$2:$L$101=F26),competitors!$B$2:$B$101,"")))} | L26: =IF(B26="","",TODAY())
A27: =IF(B27="","","BM"&TEXT(ROW()-1,"000")) | B27: {=IFERROR(INDEX(competitors!$C$2:$C$101,MATCH(26,competitors!$R$2:$R$101,0)),"")} | C27: {=IFERROR(INDEX(competitors!$D$2:$D$101,MATCH(26,competitors!$R$2:$R$101,0)),"")} | D27: {=IFERROR(INDEX(competitors!$H$2:$H$101,MATCH(26,competitors!$R$2:$R$101,0)),"")} | E27: {=IFERROR(INDEX(competitors!$I$2:$I$101,MATCH(26,competitors!$R$2:$R$101,0)),"")} | F27: {=IFERROR(INDEX(competitors!$L$2:$L$101,MATCH(26,competitors!$R$2:$R$101,0)),"")} | G27: =IF(B27="","",COUNTIFS(competitors!$C$2:$C$101,B27,competitors!$D$2:$D$101,C27,competitors!$H$2:$H$101,D27,competitors!$I$2:$I$101,E27,competitors!$L$2:$L$101,F27,competitors!$E$2:$E$101,"한국")) | H27: =IF(B27="","",COUNTIFS(competitors!$C$2:$C$101,B27,competitors!$D$2:$D$101,C27,competitors!$H$2:$H$101,D27,competitors!$I$2:$I$101,E27,competitors!$L$2:$L$101,F27)) | I27: =IF(B27="","",IF(G27>=5,"많음",IF(G27>=3,"중간",IF(G27>=1,"적음",IF(H27>=1,"가능","어려움"))))) | J27: {=IF(B27="","",TEXTJOIN(", ",TRUE(),IF((competitors!$C$2:$C$101=B27)*(competitors!$D$2:$D$101=C27)*(competitors!$H$2:$H$101=D27)*(competitors!$I$2:$I$101=E27)*(competitors!$L$2:$L$101=F27),competitors!$B$2:$B$101,"")))} | L27: =IF(B27="","",TODAY())
A28: =IF(B28="","","BM"&TEXT(ROW()-1,"000")) | B28: {=IFERROR(INDEX(competitors!$C$2:$C$101,MATCH(27,competitors!$R$2:$R$101,0)),"")} | C28: {=IFERROR(INDEX(competitors!$D$2:$D$101,MATCH(27,competitors!$R$2:$R$101,0)),"")} | D28: {=IFERROR(INDEX(competitors!$H$2:$H$101,MATCH(27,competitors!$R$2:$R$101,0)),"")} | E28: {=IFERROR(INDEX(competitors!$I$2:$I$101,MATCH(27,competitors!$R$2:$R$101,0)),"")} | F28: {=IFERROR(INDEX(competitors!$L$2:$L$101,MATCH(27,competitors!$R$2:$R$101,0)),"")} | G28: =IF(B28="","",COUNTIFS(competitors!$C$2:$C$101,B28,competitors!$D$2:$D$101,C28,competitors!$H$2:$H$101,D28,competitors!$I$2:$I$101,E28,competitors!$L$2:$L$101,F28,competitors!$E$2:$E$101,"한국")) | H28: =IF(B28="","",COUNTIFS(competitors!$C$2:$C$101,B28,competitors!$D$2:$D$101,C28,competitors!$H$2:$H$101,D28,competitors!$I$2:$I$101,E28,competitors!$L$2:$L$101,F28)) | I28: =IF(B28="","",IF(G28>=5,"많음",IF(G28>=3,"중간",IF(G28>=1,"적음",IF(H28>=1,"가능","어려움"))))) | J28: {=IF(B28="","",TEXTJOIN(", ",TRUE(),IF((competitors!$C$2:$C$101=B28)*(competitors!$D$2:$D$101=C28)*(competitors!$H$2:$H$101=D28)*(competitors!$I$2:$I$101=E28)*(competitors!$L$2:$L$101=F28),competitors!$B$2:$B$101,"")))} | L28: =IF(B28="","",TODAY())
A29: =IF(B29="","","BM"&TEXT(ROW()-1,"000")) | B29: {=IFERROR(INDEX(competitors!$C$2:$C$101,MATCH(28,competitors!$R$2:$R$101,0)),"")} | C29: {=IFERROR(INDEX(competitors!$D$2:$D$101,MATCH(28,competitors!$R$2:$R$101,0)),"")} | D29: {=IFERROR(INDEX(competitors!$H$2:$H$101,MATCH(28,competitors!$R$2:$R$101,0)),"")} | E29: {=IFERROR(INDEX(competitors!$I$2:$I$101,MATCH(28,competitors!$R$2:$R$101,0)),"")} | F29: {=IFERROR(INDEX(competitors!$L$2:$L$101,MATCH(28,competitors!$R$2:$R$101,0)),"")} | G29: =IF(B29="","",COUNTIFS(competitors!$C$2:$C$101,B29,competitors!$D$2:$D$101,C29,competitors!$H$2:$H$101,D29,competitors!$I$2:$I$101,E29,competitors!$L$2:$L$101,F29,competitors!$E$2:$E$101,"한국")) | H29: =IF(B29="","",COUNTIFS(competitors!$C$2:$C$101,B29,competitors!$D$2:$D$101,C29,competitors!$H$2:$H$101,D29,competitors!$I$2:$I$101,E29,competitors!$L$2:$L$101,F29)) | I29: =IF(B29="","",IF(G29>=5,"많음",IF(G29>=3,"중간",IF(G29>=1,"적음",IF(H29>=1,"가능","어려움"))))) | J29: {=IF(B29="","",TEXTJOIN(", ",TRUE(),IF((competitors!$C$2:$C$101=B29)*(competitors!$D$2:$D$101=C29)*(competitors!$H$2:$H$101=D29)*(competitors!$I$2:$I$101=E29)*(competitors!$L$2:$L$101=F29),competitors!$B$2:$B$101,"")))} | L29: =IF(B29="","",TODAY())
A30: =IF(B30="","","BM"&TEXT(ROW()-1,"000")) | B30: {=IFERROR(INDEX(competitors!$C$2:$C$101,MATCH(29,competitors!$R$2:$R$101,0)),"")} | C30: {=IFERROR(INDEX(competitors!$D$2:$D$101,MATCH(29,competitors!$R$2:$R$101,0)),"")} | D30: {=IFERROR(INDEX(competitors!$H$2:$H$101,MATCH(29,competitors!$R$2:$R$101,0)),"")} | E30: {=IFERROR(INDEX(competitors!$I$2:$I$101,MATCH(29,competitors!$R$2:$R$101,0)),"")} | F30: {=IFERROR(INDEX(competitors!$L$2:$L$101,MATCH(29,competitors!$R$2:$R$101,0)),"")} | G30: =IF(B30="","",COUNTIFS(competitors!$C$2:$C$101,B30,competitors!$D$2:$D$101,C30,competitors!$H$2:$H$101,D30,competitors!$I$2:$I$101,E30,competitors!$L$2:$L$101,F30,competitors!$E$2:$E$101,"한국")) | H30: =IF(B30="","",COUNTIFS(competitors!$C$2:$C$101,B30,competitors!$D$2:$D$101,C30,competitors!$H$2:$H$101,D30,competitors!$I$2:$I$101,E30,competitors!$L$2:$L$101,F30)) | I30: =IF(B30="","",IF(G30>=5,"많음",IF(G30>=3,"중간",IF(G30>=1,"적음",IF(H30>=1,"가능","어려움"))))) | J30: {=IF(B30="","",TEXTJOIN(", ",TRUE(),IF((competitors!$C$2:$C$101=B30)*(competitors!$D$2:$D$101=C30)*(competitors!$H$2:$H$101=D30)*(competitors!$I$2:$I$101=E30)*(competitors!$L$2:$L$101=F30),competitors!$B$2:$B$101,"")))} | L30: =IF(B30="","",TODAY())
A31: =IF(B31="","","BM"&TEXT(ROW()-1,"000")) | B31: {=IFERROR(INDEX(competitors!$C$2:$C$101,MATCH(30,competitors!$R$2:$R$101,0)),"")} | C31: {=IFERROR(INDEX(competitors!$D$2:$D$101,MATCH(30,competitors!$R$2:$R$101,0)),"")} | D31: {=IFERROR(INDEX(competitors!$H$2:$H$101,MATCH(30,competitors!$R$2:$R$101,0)),"")} | E31: {=IFERROR(INDEX(competitors!$I$2:$I$101,MATCH(30,competitors!$R$2:$R$101,0)),"")} | F31: {=IFERROR(INDEX(competitors!$L$2:$L$101,MATCH(30,competitors!$R$2:$R$101,0)),"")} | G31: =IF(B31="","",COUNTIFS(competitors!$C$2:$C$101,B31,competitors!$D$2:$D$101,C31,competitors!$H$2:$H$101,D31,competitors!$I$2:$I$101,E31,competitors!$L$2:$L$101,F31,competitors!$E$2:$E$101,"한국")) | H31: =IF(B31="","",COUNTIFS(competitors!$C$2:$C$101,B31,competitors!$D$2:$D$101,C31,competitors!$H$2:$H$101,D31,competitors!$I$2:$I$101,E31,competitors!$L$2:$L$101,F31)) | I31: =IF(B31="","",IF(G31>=5,"많음",IF(G31>=3,"중간",IF(G31>=1,"적음",IF(H31>=1,"가능","어려움"))))) | J31: {=IF(B31="","",TEXTJOIN(", ",TRUE(),IF((competitors!$C$2:$C$101=B31)*(competitors!$D$2:$D$101=C31)*(competitors!$H$2:$H$101=D31)*(competitors!$I$2:$I$101=E31)*(competitors!$L$2:$L$101=F31),competitors!$B$2:$B$101,"")))} | L31: =IF(B31="","",TODAY())
A32: =IF(B32="","","BM"&TEXT(ROW()-1,"000")) | B32: {=IFERROR(INDEX(competitors!$C$2:$C$101,MATCH(31,competitors!$R$2:$R$101,0)),"")} | C32: {=IFERROR(INDEX(competitors!$D$2:$D$101,MATCH(31,competitors!$R$2:$R$101,0)),"")} | D32: {=IFERROR(INDEX(competitors!$H$2:$H$101,MATCH(31,competitors!$R$2:$R$101,0)),"")} | E32: {=IFERROR(INDEX(competitors!$I$2:$I$101,MATCH(31,competitors!$R$2:$R$101,0)),"")} | F32: {=IFERROR(INDEX(competitors!$L$2:$L$101,MATCH(31,competitors!$R$2:$R$101,0)),"")} | G32: =IF(B32="","",COUNTIFS(competitors!$C$2:$C$101,B32,competitors!$D$2:$D$101,C32,competitors!$H$2:$H$101,D32,competitors!$I$2:$I$101,E32,competitors!$L$2:$L$101,F32,competitors!$E$2:$E$101,"한국")) | H32: =IF(B32="","",COUNTIFS(competitors!$C$2:$C$101,B32,competitors!$D$2:$D$101,C32,competitors!$H$2:$H$101,D32,competitors!$I$2:$I$101,E32,competitors!$L$2:$L$101,F32)) | I32: =IF(B32="","",IF(G32>=5,"많음",IF(G32>=3,"중간",IF(G32>=1,"적음",IF(H32>=1,"가능","어려움"))))) | J32: {=IF(B32="","",TEXTJOIN(", ",TRUE(),IF((competitors!$C$2:$C$101=B32)*(competitors!$D$2:$D$101=C32)*(competitors!$H$2:$H$101=D32)*(competitors!$I$2:$I$101=E32)*(competitors!$L$2:$L$101=F32),competitors!$B$2:$B$101,"")))} | L32: =IF(B32="","",TODAY())
A33: =IF(B33="","","BM"&TEXT(ROW()-1,"000")) | B33: {=IFERROR(INDEX(competitors!$C$2:$C$101,MATCH(32,competitors!$R$2:$R$101,0)),"")} | C33: {=IFERROR(INDEX(competitors!$D$2:$D$101,MATCH(32,competitors!$R$2:$R$101,0)),"")} | D33: {=IFERROR(INDEX(competitors!$H$2:$H$101,MATCH(32,competitors!$R$2:$R$101,0)),"")} | E33: {=IFERROR(INDEX(competitors!$I$2:$I$101,MATCH(32,competitors!$R$2:$R$101,0)),"")} | F33: {=IFERROR(INDEX(competitors!$L$2:$L$101,MATCH(32,competitors!$R$2:$R$101,0)),"")} | G33: =IF(B33="","",COUNTIFS(competitors!$C$2:$C$101,B33,competitors!$D$2:$D$101,C33,competitors!$H$2:$H$101,D33,competitors!$I$2:$I$101,E33,competitors!$L$2:$L$101,F33,competitors!$E$2:$E$101,"한국")) | H33: =IF(B33="","",COUNTIFS(competitors!$C$2:$C$101,B33,competitors!$D$2:$D$101,C33,competitors!$H$2:$H$101,D33,competitors!$I$2:$I$101,E33,competitors!$L$2:$L$101,F33)) | I33: =IF(B33="","",IF(G33>=5,"많음",IF(G33>=3,"중간",IF(G33>=1,"적음",IF(H33>=1,"가능","어려움"))))) | J33: {=IF(B33="","",TEXTJOIN(", ",TRUE(),IF((competitors!$C$2:$C$101=B33)*(competitors!$D$2:$D$101=C33)*(competitors!$H$2:$H$101=D33)*(competitors!$I$2:$I$101=E33)*(competitors!$L$2:$L$101=F33),competitors!$B$2:$B$101,"")))} | L33: =IF(B33="","",TODAY())
A34: =IF(B34="","","BM"&TEXT(ROW()-1,"000")) | B34: {=IFERROR(INDEX(competitors!$C$2:$C$101,MATCH(33,competitors!$R$2:$R$101,0)),"")} | C34: {=IFERROR(INDEX(competitors!$D$2:$D$101,MATCH(33,competitors!$R$2:$R$101,0)),"")} | D34: {=IFERROR(INDEX(competitors!$H$2:$H$101,MATCH(33,competitors!$R$2:$R$101,0)),"")} | E34: {=IFERROR(INDEX(competitors!$I$2:$I$101,MATCH(33,competitors!$R$2:$R$101,0)),"")} | F34: {=IFERROR(INDEX(competitors!$L$2:$L$101,MATCH(33,competitors!$R$2:$R$101,0)),"")} | G34: =IF(B34="","",COUNTIFS(competitors!$C$2:$C$101,B34,competitors!$D$2:$D$101,C34,competitors!$H$2:$H$101,D34,competitors!$I$2:$I$101,E34,competitors!$L$2:$L$101,F34,competitors!$E$2:$E$101,"한국")) | H34: =IF(B34="","",COUNTIFS(competitors!$C$2:$C$101,B34,competitors!$D$2:$D$101,C34,competitors!$H$2:$H$101,D34,competitors!$I$2:$I$101,E34,competitors!$L$2:$L$101,F34)) | I34: =IF(B34="","",IF(G34>=5,"많음",IF(G34>=3,"중간",IF(G34>=1,"적음",IF(H34>=1,"가능","어려움"))))) | J34: {=IF(B34="","",TEXTJOIN(", ",TRUE(),IF((competitors!$C$2:$C$101=B34)*(competitors!$D$2:$D$101=C34)*(competitors!$H$2:$H$101=D34)*(competitors!$I$2:$I$101=E34)*(competitors!$L$2:$L$101=F34),competitors!$B$2:$B$101,"")))} | L34: =IF(B34="","",TODAY())
A35: =IF(B35="","","BM"&TEXT(ROW()-1,"000")) | B35: {=IFERROR(INDEX(competitors!$C$2:$C$101,MATCH(34,competitors!$R$2:$R$101,0)),"")} | C35: {=IFERROR(INDEX(competitors!$D$2:$D$101,MATCH(34,competitors!$R$2:$R$101,0)),"")} | D35: {=IFERROR(INDEX(competitors!$H$2:$H$101,MATCH(34,competitors!$R$2:$R$101,0)),"")} | E35: {=IFERROR(INDEX(competitors!$I$2:$I$101,MATCH(34,competitors!$R$2:$R$101,0)),"")} | F35: {=IFERROR(INDEX(competitors!$L$2:$L$101,MATCH(34,competitors!$R$2:$R$101,0)),"")} | G35: =IF(B35="","",COUNTIFS(competitors!$C$2:$C$101,B35,competitors!$D$2:$D$101,C35,competitors!$H$2:$H$101,D35,competitors!$I$2:$I$101,E35,competitors!$L$2:$L$101,F35,competitors!$E$2:$E$101,"한국")) | H35: =IF(B35="","",COUNTIFS(competitors!$C$2:$C$101,B35,competitors!$D$2:$D$101,C35,competitors!$H$2:$H$101,D35,competitors!$I$2:$I$101,E35,competitors!$L$2:$L$101,F35)) | I35: =IF(B35="","",IF(G35>=5,"많음",IF(G35>=3,"중간",IF(G35>=1,"적음",IF(H35>=1,"가능","어려움"))))) | J35: {=IF(B35="","",TEXTJOIN(", ",TRUE(),IF((competitors!$C$2:$C$101=B35)*(competitors!$D$2:$D$101=C35)*(competitors!$H$2:$H$101=D35)*(competitors!$I$2:$I$101=E35)*(competitors!$L$2:$L$101=F35),competitors!$B$2:$B$101,"")))} | L35: =IF(B35="","",TODAY())
A36: =IF(B36="","","BM"&TEXT(ROW()-1,"000")) | B36: {=IFERROR(INDEX(competitors!$C$2:$C$101,MATCH(35,competitors!$R$2:$R$101,0)),"")} | C36: {=IFERROR(INDEX(competitors!$D$2:$D$101,MATCH(35,competitors!$R$2:$R$101,0)),"")} | D36: {=IFERROR(INDEX(competitors!$H$2:$H$101,MATCH(35,competitors!$R$2:$R$101,0)),"")} | E36: {=IFERROR(INDEX(competitors!$I$2:$I$101,MATCH(35,competitors!$R$2:$R$101,0)),"")} | F36: {=IFERROR(INDEX(competitors!$L$2:$L$101,MATCH(35,competitors!$R$2:$R$101,0)),"")} | G36: =IF(B36="","",COUNTIFS(competitors!$C$2:$C$101,B36,competitors!$D$2:$D$101,C36,competitors!$H$2:$H$101,D36,competitors!$I$2:$I$101,E36,competitors!$L$2:$L$101,F36,competitors!$E$2:$E$101,"한국")) | H36: =IF(B36="","",COUNTIFS(competitors!$C$2:$C$101,B36,competitors!$D$2:$D$101,C36,competitors!$H$2:$H$101,D36,competitors!$I$2:$I$101,E36,competitors!$L$2:$L$101,F36)) | I36: =IF(B36="","",IF(G36>=5,"많음",IF(G36>=3,"중간",IF(G36>=1,"적음",IF(H36>=1,"가능","어려움"))))) | J36: {=IF(B36="","",TEXTJOIN(", ",TRUE(),IF((competitors!$C$2:$C$101=B36)*(competitors!$D$2:$D$101=C36)*(competitors!$H$2:$H$101=D36)*(competitors!$I$2:$I$101=E36)*(competitors!$L$2:$L$101=F36),competitors!$B$2:$B$101,"")))} | L36: =IF(B36="","",TODAY())
A37: =IF(B37="","","BM"&TEXT(ROW()-1,"000")) | B37: {=IFERROR(INDEX(competitors!$C$2:$C$101,MATCH(36,competitors!$R$2:$R$101,0)),"")} | C37: {=IFERROR(INDEX(competitors!$D$2:$D$101,MATCH(36,competitors!$R$2:$R$101,0)),"")} | D37: {=IFERROR(INDEX(competitors!$H$2:$H$101,MATCH(36,competitors!$R$2:$R$101,0)),"")} | E37: {=IFERROR(INDEX(competitors!$I$2:$I$101,MATCH(36,competitors!$R$2:$R$101,0)),"")} | F37: {=IFERROR(INDEX(competitors!$L$2:$L$101,MATCH(36,competitors!$R$2:$R$101,0)),"")} | G37: =IF(B37="","",COUNTIFS(competitors!$C$2:$C$101,B37,competitors!$D$2:$D$101,C37,competitors!$H$2:$H$101,D37,competitors!$I$2:$I$101,E37,competitors!$L$2:$L$101,F37,competitors!$E$2:$E$101,"한국")) | H37: =IF(B37="","",COUNTIFS(competitors!$C$2:$C$101,B37,competitors!$D$2:$D$101,C37,competitors!$H$2:$H$101,D37,competitors!$I$2:$I$101,E37,competitors!$L$2:$L$101,F37)) | I37: =IF(B37="","",IF(G37>=5,"많음",IF(G37>=3,"중간",IF(G37>=1,"적음",IF(H37>=1,"가능","어려움"))))) | J37: {=IF(B37="","",TEXTJOIN(", ",TRUE(),IF((competitors!$C$2:$C$101=B37)*(competitors!$D$2:$D$101=C37)*(competitors!$H$2:$H$101=D37)*(competitors!$I$2:$I$101=E37)*(competitors!$L$2:$L$101=F37),competitors!$B$2:$B$101,"")))} | L37: =IF(B37="","",TODAY())
A38: =IF(B38="","","BM"&TEXT(ROW()-1,"000")) | B38: {=IFERROR(INDEX(competitors!$C$2:$C$101,MATCH(37,competitors!$R$2:$R$101,0)),"")} | C38: {=IFERROR(INDEX(competitors!$D$2:$D$101,MATCH(37,competitors!$R$2:$R$101,0)),"")} | D38: {=IFERROR(INDEX(competitors!$H$2:$H$101,MATCH(37,competitors!$R$2:$R$101,0)),"")} | E38: {=IFERROR(INDEX(competitors!$I$2:$I$101,MATCH(37,competitors!$R$2:$R$101,0)),"")} | F38: {=IFERROR(INDEX(competitors!$L$2:$L$101,MATCH(37,competitors!$R$2:$R$101,0)),"")} | G38: =IF(B38="","",COUNTIFS(competitors!$C$2:$C$101,B38,competitors!$D$2:$D$101,C38,competitors!$H$2:$H$101,D38,competitors!$I$2:$I$101,E38,competitors!$L$2:$L$101,F38,competitors!$E$2:$E$101,"한국")) | H38: =IF(B38="","",COUNTIFS(competitors!$C$2:$C$101,B38,competitors!$D$2:$D$101,C38,competitors!$H$2:$H$101,D38,competitors!$I$2:$I$101,E38,competitors!$L$2:$L$101,F38)) | I38: =IF(B38="","",IF(G38>=5,"많음",IF(G38>=3,"중간",IF(G38>=1,"적음",IF(H38>=1,"가능","어려움"))))) | J38: {=IF(B38="","",TEXTJOIN(", ",TRUE(),IF((competitors!$C$2:$C$101=B38)*(competitors!$D$2:$D$101=C38)*(competitors!$H$2:$H$101=D38)*(competitors!$I$2:$I$101=E38)*(competitors!$L$2:$L$101=F38),competitors!$B$2:$B$101,"")))} | L38: =IF(B38="","",TODAY())
A39: =IF(B39="","","BM"&TEXT(ROW()-1,"000")) | B39: {=IFERROR(INDEX(competitors!$C$2:$C$101,MATCH(38,competitors!$R$2:$R$101,0)),"")} | C39: {=IFERROR(INDEX(competitors!$D$2:$D$101,MATCH(38,competitors!$R$2:$R$101,0)),"")} | D39: {=IFERROR(INDEX(competitors!$H$2:$H$101,MATCH(38,competitors!$R$2:$R$101,0)),"")} | E39: {=IFERROR(INDEX(competitors!$I$2:$I$101,MATCH(38,competitors!$R$2:$R$101,0)),"")} | F39: {=IFERROR(INDEX(competitors!$L$2:$L$101,MATCH(38,competitors!$R$2:$R$101,0)),"")} | G39: =IF(B39="","",COUNTIFS(competitors!$C$2:$C$101,B39,competitors!$D$2:$D$101,C39,competitors!$H$2:$H$101,D39,competitors!$I$2:$I$101,E39,competitors!$L$2:$L$101,F39,competitors!$E$2:$E$101,"한국")) | H39: =IF(B39="","",COUNTIFS(competitors!$C$2:$C$101,B39,competitors!$D$2:$D$101,C39,competitors!$H$2:$H$101,D39,competitors!$I$2:$I$101,E39,competitors!$L$2:$L$101,F39)) | I39: =IF(B39="","",IF(G39>=5,"많음",IF(G39>=3,"중간",IF(G39>=1,"적음",IF(H39>=1,"가능","어려움"))))) | J39: {=IF(B39="","",TEXTJOIN(", ",TRUE(),IF((competitors!$C$2:$C$101=B39)*(competitors!$D$2:$D$101=C39)*(competitors!$H$2:$H$101=D39)*(competitors!$I$2:$I$101=E39)*(competitors!$L$2:$L$101=F39),competitors!$B$2:$B$101,"")))} | L39: =IF(B39="","",TODAY())
A40: =IF(B40="","","BM"&TEXT(ROW()-1,"000")) | B40: {=IFERROR(INDEX(competitors!$C$2:$C$101,MATCH(39,competitors!$R$2:$R$101,0)),"")} | C40: {=IFERROR(INDEX(competitors!$D$2:$D$101,MATCH(39,competitors!$R$2:$R$101,0)),"")} | D40: {=IFERROR(INDEX(competitors!$H$2:$H$101,MATCH(39,competitors!$R$2:$R$101,0)),"")} | E40: {=IFERROR(INDEX(competitors!$I$2:$I$101,MATCH(39,competitors!$R$2:$R$101,0)),"")} | F40: {=IFERROR(INDEX(competitors!$L$2:$L$101,MATCH(39,competitors!$R$2:$R$101,0)),"")} | G40: =IF(B40="","",COUNTIFS(competitors!$C$2:$C$101,B40,competitors!$D$2:$D$101,C40,competitors!$H$2:$H$101,D40,competitors!$I$2:$I$101,E40,competitors!$L$2:$L$101,F40,competitors!$E$2:$E$101,"한국")) | H40: =IF(B40="","",COUNTIFS(competitors!$C$2:$C$101,B40,competitors!$D$2:$D$101,C40,competitors!$H$2:$H$101,D40,competitors!$I$2:$I$101,E40,competitors!$L$2:$L$101,F40)) | I40: =IF(B40="","",IF(G40>=5,"많음",IF(G40>=3,"중간",IF(G40>=1,"적음",IF(H40>=1,"가능","어려움"))))) | J40: {=IF(B40="","",TEXTJOIN(", ",TRUE(),IF((competitors!$C$2:$C$101=B40)*(competitors!$D$2:$D$101=C40)*(competitors!$H$2:$H$101=D40)*(competitors!$I$2:$I$101=E40)*(competitors!$L$2:$L$101=F40),competitors!$B$2:$B$101,"")))} | L40: =IF(B40="","",TODAY())
A41: =IF(B41="","","BM"&TEXT(ROW()-1,"000")) | B41: {=IFERROR(INDEX(competitors!$C$2:$C$101,MATCH(40,competitors!$R$2:$R$101,0)),"")} | C41: {=IFERROR(INDEX(competitors!$D$2:$D$101,MATCH(40,competitors!$R$2:$R$101,0)),"")} | D41: {=IFERROR(INDEX(competitors!$H$2:$H$101,MATCH(40,competitors!$R$2:$R$101,0)),"")} | E41: {=IFERROR(INDEX(competitors!$I$2:$I$101,MATCH(40,competitors!$R$2:$R$101,0)),"")} | F41: {=IFERROR(INDEX(competitors!$L$2:$L$101,MATCH(40,competitors!$R$2:$R$101,0)),"")} | G41: =IF(B41="","",COUNTIFS(competitors!$C$2:$C$101,B41,competitors!$D$2:$D$101,C41,competitors!$H$2:$H$101,D41,competitors!$I$2:$I$101,E41,competitors!$L$2:$L$101,F41,competitors!$E$2:$E$101,"한국")) | H41: =IF(B41="","",COUNTIFS(competitors!$C$2:$C$101,B41,competitors!$D$2:$D$101,C41,competitors!$H$2:$H$101,D41,competitors!$I$2:$I$101,E41,competitors!$L$2:$L$101,F41)) | I41: =IF(B41="","",IF(G41>=5,"많음",IF(G41>=3,"중간",IF(G41>=1,"적음",IF(H41>=1,"가능","어려움"))))) | J41: {=IF(B41="","",TEXTJOIN(", ",TRUE(),IF((competitors!$C$2:$C$101=B41)*(competitors!$D$2:$D$101=C41)*(competitors!$H$2:$H$101=D41)*(competitors!$I$2:$I$101=E41)*(competitors!$L$2:$L$101=F41),competitors!$B$2:$B$101,"")))} | L41: =IF(B41="","",TODAY())
A42: =IF(B42="","","BM"&TEXT(ROW()-1,"000")) | B42: {=IFERROR(INDEX(competitors!$C$2:$C$101,MATCH(41,competitors!$R$2:$R$101,0)),"")} | C42: {=IFERROR(INDEX(competitors!$D$2:$D$101,MATCH(41,competitors!$R$2:$R$101,0)),"")} | D42: {=IFERROR(INDEX(competitors!$H$2:$H$101,MATCH(41,competitors!$R$2:$R$101,0)),"")} | E42: {=IFERROR(INDEX(competitors!$I$2:$I$101,MATCH(41,competitors!$R$2:$R$101,0)),"")} | F42: {=IFERROR(INDEX(competitors!$L$2:$L$101,MATCH(41,competitors!$R$2:$R$101,0)),"")} | G42: =IF(B42="","",COUNTIFS(competitors!$C$2:$C$101,B42,competitors!$D$2:$D$101,C42,competitors!$H$2:$H$101,D42,competitors!$I$2:$I$101,E42,competitors!$L$2:$L$101,F42,competitors!$E$2:$E$101,"한국")) | H42: =IF(B42="","",COUNTIFS(competitors!$C$2:$C$101,B42,competitors!$D$2:$D$101,C42,competitors!$H$2:$H$101,D42,competitors!$I$2:$I$101,E42,competitors!$L$2:$L$101,F42)) | I42: =IF(B42="","",IF(G42>=5,"많음",IF(G42>=3,"중간",IF(G42>=1,"적음",IF(H42>=1,"가능","어려움"))))) | J42: {=IF(B42="","",TEXTJOIN(", ",TRUE(),IF((competitors!$C$2:$C$101=B42)*(competitors!$D$2:$D$101=C42)*(competitors!$H$2:$H$101=D42)*(competitors!$I$2:$I$101=E42)*(competitors!$L$2:$L$101=F42),competitors!$B$2:$B$101,"")))} | L42: =IF(B42="","",TODAY())
A43: =IF(B43="","","BM"&TEXT(ROW()-1,"000")) | B43: {=IFERROR(INDEX(competitors!$C$2:$C$101,MATCH(42,competitors!$R$2:$R$101,0)),"")} | C43: {=IFERROR(INDEX(competitors!$D$2:$D$101,MATCH(42,competitors!$R$2:$R$101,0)),"")} | D43: {=IFERROR(INDEX(competitors!$H$2:$H$101,MATCH(42,competitors!$R$2:$R$101,0)),"")} | E43: {=IFERROR(INDEX(competitors!$I$2:$I$101,MATCH(42,competitors!$R$2:$R$101,0)),"")} | F43: {=IFERROR(INDEX(competitors!$L$2:$L$101,MATCH(42,competitors!$R$2:$R$101,0)),"")} | G43: =IF(B43="","",COUNTIFS(competitors!$C$2:$C$101,B43,competitors!$D$2:$D$101,C43,competitors!$H$2:$H$101,D43,competitors!$I$2:$I$101,E43,competitors!$L$2:$L$101,F43,competitors!$E$2:$E$101,"한국")) | H43: =IF(B43="","",COUNTIFS(competitors!$C$2:$C$101,B43,competitors!$D$2:$D$101,C43,competitors!$H$2:$H$101,D43,competitors!$I$2:$I$101,E43,competitors!$L$2:$L$101,F43)) | I43: =IF(B43="","",IF(G43>=5,"많음",IF(G43>=3,"중간",IF(G43>=1,"적음",IF(H43>=1,"가능","어려움"))))) | J43: {=IF(B43="","",TEXTJOIN(", ",TRUE(),IF((competitors!$C$2:$C$101=B43)*(competitors!$D$2:$D$101=C43)*(competitors!$H$2:$H$101=D43)*(competitors!$I$2:$I$101=E43)*(competitors!$L$2:$L$101=F43),competitors!$B$2:$B$101,"")))} | L43: =IF(B43="","",TODAY())
A44: =IF(B44="","","BM"&TEXT(ROW()-1,"000")) | B44: {=IFERROR(INDEX(competitors!$C$2:$C$101,MATCH(43,competitors!$R$2:$R$101,0)),"")} | C44: {=IFERROR(INDEX(competitors!$D$2:$D$101,MATCH(43,competitors!$R$2:$R$101,0)),"")} | D44: {=IFERROR(INDEX(competitors!$H$2:$H$101,MATCH(43,competitors!$R$2:$R$101,0)),"")} | E44: {=IFERROR(INDEX(competitors!$I$2:$I$101,MATCH(43,competitors!$R$2:$R$101,0)),"")} | F44: {=IFERROR(INDEX(competitors!$L$2:$L$101,MATCH(43,competitors!$R$2:$R$101,0)),"")} | G44: =IF(B44="","",COUNTIFS(competitors!$C$2:$C$101,B44,competitors!$D$2:$D$101,C44,competitors!$H$2:$H$101,D44,competitors!$I$2:$I$101,E44,competitors!$L$2:$L$101,F44,competitors!$E$2:$E$101,"한국")) | H44: =IF(B44="","",COUNTIFS(competitors!$C$2:$C$101,B44,competitors!$D$2:$D$101,C44,competitors!$H$2:$H$101,D44,competitors!$I$2:$I$101,E44,competitors!$L$2:$L$101,F44)) | I44: =IF(B44="","",IF(G44>=5,"많음",IF(G44>=3,"중간",IF(G44>=1,"적음",IF(H44>=1,"가능","어려움"))))) | J44: {=IF(B44="","",TEXTJOIN(", ",TRUE(),IF((competitors!$C$2:$C$101=B44)*(competitors!$D$2:$D$101=C44)*(competitors!$H$2:$H$101=D44)*(competitors!$I$2:$I$101=E44)*(competitors!$L$2:$L$101=F44),competitors!$B$2:$B$101,"")))} | L44: =IF(B44="","",TODAY())
A45: =IF(B45="","","BM"&TEXT(ROW()-1,"000")) | B45: {=IFERROR(INDEX(competitors!$C$2:$C$101,MATCH(44,competitors!$R$2:$R$101,0)),"")} | C45: {=IFERROR(INDEX(competitors!$D$2:$D$101,MATCH(44,competitors!$R$2:$R$101,0)),"")} | D45: {=IFERROR(INDEX(competitors!$H$2:$H$101,MATCH(44,competitors!$R$2:$R$101,0)),"")} | E45: {=IFERROR(INDEX(competitors!$I$2:$I$101,MATCH(44,competitors!$R$2:$R$101,0)),"")} | F45: {=IFERROR(INDEX(competitors!$L$2:$L$101,MATCH(44,competitors!$R$2:$R$101,0)),"")} | G45: =IF(B45="","",COUNTIFS(competitors!$C$2:$C$101,B45,competitors!$D$2:$D$101,C45,competitors!$H$2:$H$101,D45,competitors!$I$2:$I$101,E45,competitors!$L$2:$L$101,F45,competitors!$E$2:$E$101,"한국")) | H45: =IF(B45="","",COUNTIFS(competitors!$C$2:$C$101,B45,competitors!$D$2:$D$101,C45,competitors!$H$2:$H$101,D45,competitors!$I$2:$I$101,E45,competitors!$L$2:$L$101,F45)) | I45: =IF(B45="","",IF(G45>=5,"많음",IF(G45>=3,"중간",IF(G45>=1,"적음",IF(H45>=1,"가능","어려움"))))) | J45: {=IF(B45="","",TEXTJOIN(", ",TRUE(),IF((competitors!$C$2:$C$101=B45)*(competitors!$D$2:$D$101=C45)*(competitors!$H$2:$H$101=D45)*(competitors!$I$2:$I$101=E45)*(competitors!$L$2:$L$101=F45),competitors!$B$2:$B$101,"")))} | L45: =IF(B45="","",TODAY())
A46: =IF(B46="","","BM"&TEXT(ROW()-1,"000")) | B46: {=IFERROR(INDEX(competitors!$C$2:$C$101,MATCH(45,competitors!$R$2:$R$101,0)),"")} | C46: {=IFERROR(INDEX(competitors!$D$2:$D$101,MATCH(45,competitors!$R$2:$R$101,0)),"")} | D46: {=IFERROR(INDEX(competitors!$H$2:$H$101,MATCH(45,competitors!$R$2:$R$101,0)),"")} | E46: {=IFERROR(INDEX(competitors!$I$2:$I$101,MATCH(45,competitors!$R$2:$R$101,0)),"")} | F46: {=IFERROR(INDEX(competitors!$L$2:$L$101,MATCH(45,competitors!$R$2:$R$101,0)),"")} | G46: =IF(B46="","",COUNTIFS(competitors!$C$2:$C$101,B46,competitors!$D$2:$D$101,C46,competitors!$H$2:$H$101,D46,competitors!$I$2:$I$101,E46,competitors!$L$2:$L$101,F46,competitors!$E$2:$E$101,"한국")) | H46: =IF(B46="","",COUNTIFS(competitors!$C$2:$C$101,B46,competitors!$D$2:$D$101,C46,competitors!$H$2:$H$101,D46,competitors!$I$2:$I$101,E46,competitors!$L$2:$L$101,F46)) | I46: =IF(B46="","",IF(G46>=5,"많음",IF(G46>=3,"중간",IF(G46>=1,"적음",IF(H46>=1,"가능","어려움"))))) | J46: {=IF(B46="","",TEXTJOIN(", ",TRUE(),IF((competitors!$C$2:$C$101=B46)*(competitors!$D$2:$D$101=C46)*(competitors!$H$2:$H$101=D46)*(competitors!$I$2:$I$101=E46)*(competitors!$L$2:$L$101=F46),competitors!$B$2:$B$101,"")))} | L46: =IF(B46="","",TODAY())
A47: =IF(B47="","","BM"&TEXT(ROW()-1,"000")) | B47: {=IFERROR(INDEX(competitors!$C$2:$C$101,MATCH(46,competitors!$R$2:$R$101,0)),"")} | C47: {=IFERROR(INDEX(competitors!$D$2:$D$101,MATCH(46,competitors!$R$2:$R$101,0)),"")} | D47: {=IFERROR(INDEX(competitors!$H$2:$H$101,MATCH(46,competitors!$R$2:$R$101,0)),"")} | E47: {=IFERROR(INDEX(competitors!$I$2:$I$101,MATCH(46,competitors!$R$2:$R$101,0)),"")} | F47: {=IFERROR(INDEX(competitors!$L$2:$L$101,MATCH(46,competitors!$R$2:$R$101,0)),"")} | G47: =IF(B47="","",COUNTIFS(competitors!$C$2:$C$101,B47,competitors!$D$2:$D$101,C47,competitors!$H$2:$H$101,D47,competitors!$I$2:$I$101,E47,competitors!$L$2:$L$101,F47,competitors!$E$2:$E$101,"한국")) | H47: =IF(B47="","",COUNTIFS(competitors!$C$2:$C$101,B47,competitors!$D$2:$D$101,C47,competitors!$H$2:$H$101,D47,competitors!$I$2:$I$101,E47,competitors!$L$2:$L$101,F47)) | I47: =IF(B47="","",IF(G47>=5,"많음",IF(G47>=3,"중간",IF(G47>=1,"적음",IF(H47>=1,"가능","어려움"))))) | J47: {=IF(B47="","",TEXTJOIN(", ",TRUE(),IF((competitors!$C$2:$C$101=B47)*(competitors!$D$2:$D$101=C47)*(competitors!$H$2:$H$101=D47)*(competitors!$I$2:$I$101=E47)*(competitors!$L$2:$L$101=F47),competitors!$B$2:$B$101,"")))} | L47: =IF(B47="","",TODAY())
A48: =IF(B48="","","BM"&TEXT(ROW()-1,"000")) | B48: {=IFERROR(INDEX(competitors!$C$2:$C$101,MATCH(47,competitors!$R$2:$R$101,0)),"")} | C48: {=IFERROR(INDEX(competitors!$D$2:$D$101,MATCH(47,competitors!$R$2:$R$101,0)),"")} | D48: {=IFERROR(INDEX(competitors!$H$2:$H$101,MATCH(47,competitors!$R$2:$R$101,0)),"")} | E48: {=IFERROR(INDEX(competitors!$I$2:$I$101,MATCH(47,competitors!$R$2:$R$101,0)),"")} | F48: {=IFERROR(INDEX(competitors!$L$2:$L$101,MATCH(47,competitors!$R$2:$R$101,0)),"")} | G48: =IF(B48="","",COUNTIFS(competitors!$C$2:$C$101,B48,competitors!$D$2:$D$101,C48,competitors!$H$2:$H$101,D48,competitors!$I$2:$I$101,E48,competitors!$L$2:$L$101,F48,competitors!$E$2:$E$101,"한국")) | H48: =IF(B48="","",COUNTIFS(competitors!$C$2:$C$101,B48,competitors!$D$2:$D$101,C48,competitors!$H$2:$H$101,D48,competitors!$I$2:$I$101,E48,competitors!$L$2:$L$101,F48)) | I48: =IF(B48="","",IF(G48>=5,"많음",IF(G48>=3,"중간",IF(G48>=1,"적음",IF(H48>=1,"가능","어려움"))))) | J48: {=IF(B48="","",TEXTJOIN(", ",TRUE(),IF((competitors!$C$2:$C$101=B48)*(competitors!$D$2:$D$101=C48)*(competitors!$H$2:$H$101=D48)*(competitors!$I$2:$I$101=E48)*(competitors!$L$2:$L$101=F48),competitors!$B$2:$B$101,"")))} | L48: =IF(B48="","",TODAY())
A49: =IF(B49="","","BM"&TEXT(ROW()-1,"000")) | B49: {=IFERROR(INDEX(competitors!$C$2:$C$101,MATCH(48,competitors!$R$2:$R$101,0)),"")} | C49: {=IFERROR(INDEX(competitors!$D$2:$D$101,MATCH(48,competitors!$R$2:$R$101,0)),"")} | D49: {=IFERROR(INDEX(competitors!$H$2:$H$101,MATCH(48,competitors!$R$2:$R$101,0)),"")} | E49: {=IFERROR(INDEX(competitors!$I$2:$I$101,MATCH(48,competitors!$R$2:$R$101,0)),"")} | F49: {=IFERROR(INDEX(competitors!$L$2:$L$101,MATCH(48,competitors!$R$2:$R$101,0)),"")} | G49: =IF(B49="","",COUNTIFS(competitors!$C$2:$C$101,B49,competitors!$D$2:$D$101,C49,competitors!$H$2:$H$101,D49,competitors!$I$2:$I$101,E49,competitors!$L$2:$L$101,F49,competitors!$E$2:$E$101,"한국")) | H49: =IF(B49="","",COUNTIFS(competitors!$C$2:$C$101,B49,competitors!$D$2:$D$101,C49,competitors!$H$2:$H$101,D49,competitors!$I$2:$I$101,E49,competitors!$L$2:$L$101,F49)) | I49: =IF(B49="","",IF(G49>=5,"많음",IF(G49>=3,"중간",IF(G49>=1,"적음",IF(H49>=1,"가능","어려움"))))) | J49: {=IF(B49="","",TEXTJOIN(", ",TRUE(),IF((competitors!$C$2:$C$101=B49)*(competitors!$D$2:$D$101=C49)*(competitors!$H$2:$H$101=D49)*(competitors!$I$2:$I$101=E49)*(competitors!$L$2:$L$101=F49),competitors!$B$2:$B$101,"")))} | L49: =IF(B49="","",TODAY())
A50: =IF(B50="","","BM"&TEXT(ROW()-1,"000")) | B50: {=IFERROR(INDEX(competitors!$C$2:$C$101,MATCH(49,competitors!$R$2:$R$101,0)),"")} | C50: {=IFERROR(INDEX(competitors!$D$2:$D$101,MATCH(49,competitors!$R$2:$R$101,0)),"")} | D50: {=IFERROR(INDEX(competitors!$H$2:$H$101,MATCH(49,competitors!$R$2:$R$101,0)),"")} | E50: {=IFERROR(INDEX(competitors!$I$2:$I$101,MATCH(49,competitors!$R$2:$R$101,0)),"")} | F50: {=IFERROR(INDEX(competitors!$L$2:$L$101,MATCH(49,competitors!$R$2:$R$101,0)),"")} | G50: =IF(B50="","",COUNTIFS(competitors!$C$2:$C$101,B50,competitors!$D$2:$D$101,C50,competitors!$H$2:$H$101,D50,competitors!$I$2:$I$101,E50,competitors!$L$2:$L$101,F50,competitors!$E$2:$E$101,"한국")) | H50: =IF(B50="","",COUNTIFS(competitors!$C$2:$C$101,B50,competitors!$D$2:$D$101,C50,competitors!$H$2:$H$101,D50,competitors!$I$2:$I$101,E50,competitors!$L$2:$L$101,F50)) | I50: =IF(B50="","",IF(G50>=5,"많음",IF(G50>=3,"중간",IF(G50>=1,"적음",IF(H50>=1,"가능","어려움"))))) | J50: {=IF(B50="","",TEXTJOIN(", ",TRUE(),IF((competitors!$C$2:$C$101=B50)*(competitors!$D$2:$D$101=C50)*(competitors!$H$2:$H$101=D50)*(competitors!$I$2:$I$101=E50)*(competitors!$L$2:$L$101=F50),competitors!$B$2:$B$101,"")))} | L50: =IF(B50="","",TODAY())
A51: =IF(B51="","","BM"&TEXT(ROW()-1,"000")) | B51: {=IFERROR(INDEX(competitors!$C$2:$C$101,MATCH(50,competitors!$R$2:$R$101,0)),"")} | C51: {=IFERROR(INDEX(competitors!$D$2:$D$101,MATCH(50,competitors!$R$2:$R$101,0)),"")} | D51: {=IFERROR(INDEX(competitors!$H$2:$H$101,MATCH(50,competitors!$R$2:$R$101,0)),"")} | E51: {=IFERROR(INDEX(competitors!$I$2:$I$101,MATCH(50,competitors!$R$2:$R$101,0)),"")} | F51: {=IFERROR(INDEX(competitors!$L$2:$L$101,MATCH(50,competitors!$R$2:$R$101,0)),"")} | G51: =IF(B51="","",COUNTIFS(competitors!$C$2:$C$101,B51,competitors!$D$2:$D$101,C51,competitors!$H$2:$H$101,D51,competitors!$I$2:$I$101,E51,competitors!$L$2:$L$101,F51,competitors!$E$2:$E$101,"한국")) | H51: =IF(B51="","",COUNTIFS(competitors!$C$2:$C$101,B51,competitors!$D$2:$D$101,C51,competitors!$H$2:$H$101,D51,competitors!$I$2:$I$101,E51,competitors!$L$2:$L$101,F51)) | I51: =IF(B51="","",IF(G51>=5,"많음",IF(G51>=3,"중간",IF(G51>=1,"적음",IF(H51>=1,"가능","어려움"))))) | J51: {=IF(B51="","",TEXTJOIN(", ",TRUE(),IF((competitors!$C$2:$C$101=B51)*(competitors!$D$2:$D$101=C51)*(competitors!$H$2:$H$101=D51)*(competitors!$I$2:$I$101=E51)*(competitors!$L$2:$L$101=F51),competitors!$B$2:$B$101,"")))} | L51: =IF(B51="","",TODAY())
A52: =IF(B52="","","BM"&TEXT(ROW()-1,"000")) | B52: {=IFERROR(INDEX(competitors!$C$2:$C$101,MATCH(51,competitors!$R$2:$R$101,0)),"")} | C52: {=IFERROR(INDEX(competitors!$D$2:$D$101,MATCH(51,competitors!$R$2:$R$101,0)),"")} | D52: {=IFERROR(INDEX(competitors!$H$2:$H$101,MATCH(51,competitors!$R$2:$R$101,0)),"")} | E52: {=IFERROR(INDEX(competitors!$I$2:$I$101,MATCH(51,competitors!$R$2:$R$101,0)),"")} | F52: {=IFERROR(INDEX(competitors!$L$2:$L$101,MATCH(51,competitors!$R$2:$R$101,0)),"")} | G52: =IF(B52="","",COUNTIFS(competitors!$C$2:$C$101,B52,competitors!$D$2:$D$101,C52,competitors!$H$2:$H$101,D52,competitors!$I$2:$I$101,E52,competitors!$L$2:$L$101,F52,competitors!$E$2:$E$101,"한국")) | H52: =IF(B52="","",COUNTIFS(competitors!$C$2:$C$101,B52,competitors!$D$2:$D$101,C52,competitors!$H$2:$H$101,D52,competitors!$I$2:$I$101,E52,competitors!$L$2:$L$101,F52)) | I52: =IF(B52="","",IF(G52>=5,"많음",IF(G52>=3,"중간",IF(G52>=1,"적음",IF(H52>=1,"가능","어려움"))))) | J52: {=IF(B52="","",TEXTJOIN(", ",TRUE(),IF((competitors!$C$2:$C$101=B52)*(competitors!$D$2:$D$101=C52)*(competitors!$H$2:$H$101=D52)*(competitors!$I$2:$I$101=E52)*(competitors!$L$2:$L$101=F52),competitors!$B$2:$B$101,"")))} | L52: =IF(B52="","",TODAY())
A53: =IF(B53="","","BM"&TEXT(ROW()-1,"000")) | B53: {=IFERROR(INDEX(competitors!$C$2:$C$101,MATCH(52,competitors!$R$2:$R$101,0)),"")} | C53: {=IFERROR(INDEX(competitors!$D$2:$D$101,MATCH(52,competitors!$R$2:$R$101,0)),"")} | D53: {=IFERROR(INDEX(competitors!$H$2:$H$101,MATCH(52,competitors!$R$2:$R$101,0)),"")} | E53: {=IFERROR(INDEX(competitors!$I$2:$I$101,MATCH(52,competitors!$R$2:$R$101,0)),"")} | F53: {=IFERROR(INDEX(competitors!$L$2:$L$101,MATCH(52,competitors!$R$2:$R$101,0)),"")} | G53: =IF(B53="","",COUNTIFS(competitors!$C$2:$C$101,B53,competitors!$D$2:$D$101,C53,competitors!$H$2:$H$101,D53,competitors!$I$2:$I$101,E53,competitors!$L$2:$L$101,F53,competitors!$E$2:$E$101,"한국")) | H53: =IF(B53="","",COUNTIFS(competitors!$C$2:$C$101,B53,competitors!$D$2:$D$101,C53,competitors!$H$2:$H$101,D53,competitors!$I$2:$I$101,E53,competitors!$L$2:$L$101,F53)) | I53: =IF(B53="","",IF(G53>=5,"많음",IF(G53>=3,"중간",IF(G53>=1,"적음",IF(H53>=1,"가능","어려움"))))) | J53: {=IF(B53="","",TEXTJOIN(", ",TRUE(),IF((competitors!$C$2:$C$101=B53)*(competitors!$D$2:$D$101=C53)*(competitors!$H$2:$H$101=D53)*(competitors!$I$2:$I$101=E53)*(competitors!$L$2:$L$101=F53),competitors!$B$2:$B$101,"")))} | L53: =IF(B53="","",TODAY())
A54: =IF(B54="","","BM"&TEXT(ROW()-1,"000")) | B54: {=IFERROR(INDEX(competitors!$C$2:$C$101,MATCH(53,competitors!$R$2:$R$101,0)),"")} | C54: {=IFERROR(INDEX(competitors!$D$2:$D$101,MATCH(53,competitors!$R$2:$R$101,0)),"")} | D54: {=IFERROR(INDEX(competitors!$H$2:$H$101,MATCH(53,competitors!$R$2:$R$101,0)),"")} | E54: {=IFERROR(INDEX(competitors!$I$2:$I$101,MATCH(53,competitors!$R$2:$R$101,0)),"")} | F54: {=IFERROR(INDEX(competitors!$L$2:$L$101,MATCH(53,competitors!$R$2:$R$101,0)),"")} | G54: =IF(B54="","",COUNTIFS(competitors!$C$2:$C$101,B54,competitors!$D$2:$D$101,C54,competitors!$H$2:$H$101,D54,competitors!$I$2:$I$101,E54,competitors!$L$2:$L$101,F54,competitors!$E$2:$E$101,"한국")) | H54: =IF(B54="","",COUNTIFS(competitors!$C$2:$C$101,B54,competitors!$D$2:$D$101,C54,competitors!$H$2:$H$101,D54,competitors!$I$2:$I$101,E54,competitors!$L$2:$L$101,F54)) | I54: =IF(B54="","",IF(G54>=5,"많음",IF(G54>=3,"중간",IF(G54>=1,"적음",IF(H54>=1,"가능","어려움"))))) | J54: {=IF(B54="","",TEXTJOIN(", ",TRUE(),IF((competitors!$C$2:$C$101=B54)*(competitors!$D$2:$D$101=C54)*(competitors!$H$2:$H$101=D54)*(competitors!$I$2:$I$101=E54)*(competitors!$L$2:$L$101=F54),competitors!$B$2:$B$101,"")))} | L54: =IF(B54="","",TODAY())
A55: =IF(B55="","","BM"&TEXT(ROW()-1,"000")) | B55: {=IFERROR(INDEX(competitors!$C$2:$C$101,MATCH(54,competitors!$R$2:$R$101,0)),"")} | C55: {=IFERROR(INDEX(competitors!$D$2:$D$101,MATCH(54,competitors!$R$2:$R$101,0)),"")} | D55: {=IFERROR(INDEX(competitors!$H$2:$H$101,MATCH(54,competitors!$R$2:$R$101,0)),"")} | E55: {=IFERROR(INDEX(competitors!$I$2:$I$101,MATCH(54,competitors!$R$2:$R$101,0)),"")} | F55: {=IFERROR(INDEX(competitors!$L$2:$L$101,MATCH(54,competitors!$R$2:$R$101,0)),"")} | G55: =IF(B55="","",COUNTIFS(competitors!$C$2:$C$101,B55,competitors!$D$2:$D$101,C55,competitors!$H$2:$H$101,D55,competitors!$I$2:$I$101,E55,competitors!$L$2:$L$101,F55,competitors!$E$2:$E$101,"한국")) | H55: =IF(B55="","",COUNTIFS(competitors!$C$2:$C$101,B55,competitors!$D$2:$D$101,C55,competitors!$H$2:$H$101,D55,competitors!$I$2:$I$101,E55,competitors!$L$2:$L$101,F55)) | I55: =IF(B55="","",IF(G55>=5,"많음",IF(G55>=3,"중간",IF(G55>=1,"적음",IF(H55>=1,"가능","어려움"))))) | J55: {=IF(B55="","",TEXTJOIN(", ",TRUE(),IF((competitors!$C$2:$C$101=B55)*(competitors!$D$2:$D$101=C55)*(competitors!$H$2:$H$101=D55)*(competitors!$I$2:$I$101=E55)*(competitors!$L$2:$L$101=F55),competitors!$B$2:$B$101,"")))} | L55: =IF(B55="","",TODAY())
A56: =IF(B56="","","BM"&TEXT(ROW()-1,"000")) | B56: {=IFERROR(INDEX(competitors!$C$2:$C$101,MATCH(55,competitors!$R$2:$R$101,0)),"")} | C56: {=IFERROR(INDEX(competitors!$D$2:$D$101,MATCH(55,competitors!$R$2:$R$101,0)),"")} | D56: {=IFERROR(INDEX(competitors!$H$2:$H$101,MATCH(55,competitors!$R$2:$R$101,0)),"")} | E56: {=IFERROR(INDEX(competitors!$I$2:$I$101,MATCH(55,competitors!$R$2:$R$101,0)),"")} | F56: {=IFERROR(INDEX(competitors!$L$2:$L$101,MATCH(55,competitors!$R$2:$R$101,0)),"")} | G56: =IF(B56="","",COUNTIFS(competitors!$C$2:$C$101,B56,competitors!$D$2:$D$101,C56,competitors!$H$2:$H$101,D56,competitors!$I$2:$I$101,E56,competitors!$L$2:$L$101,F56,competitors!$E$2:$E$101,"한국")) | H56: =IF(B56="","",COUNTIFS(competitors!$C$2:$C$101,B56,competitors!$D$2:$D$101,C56,competitors!$H$2:$H$101,D56,competitors!$I$2:$I$101,E56,competitors!$L$2:$L$101,F56)) | I56: =IF(B56="","",IF(G56>=5,"많음",IF(G56>=3,"중간",IF(G56>=1,"적음",IF(H56>=1,"가능","어려움"))))) | J56: {=IF(B56="","",TEXTJOIN(", ",TRUE(),IF((competitors!$C$2:$C$101=B56)*(competitors!$D$2:$D$101=C56)*(competitors!$H$2:$H$101=D56)*(competitors!$I$2:$I$101=E56)*(competitors!$L$2:$L$101=F56),competitors!$B$2:$B$101,"")))} | L56: =IF(B56="","",TODAY())
A57: =IF(B57="","","BM"&TEXT(ROW()-1,"000")) | B57: {=IFERROR(INDEX(competitors!$C$2:$C$101,MATCH(56,competitors!$R$2:$R$101,0)),"")} | C57: {=IFERROR(INDEX(competitors!$D$2:$D$101,MATCH(56,competitors!$R$2:$R$101,0)),"")} | D57: {=IFERROR(INDEX(competitors!$H$2:$H$101,MATCH(56,competitors!$R$2:$R$101,0)),"")} | E57: {=IFERROR(INDEX(competitors!$I$2:$I$101,MATCH(56,competitors!$R$2:$R$101,0)),"")} | F57: {=IFERROR(INDEX(competitors!$L$2:$L$101,MATCH(56,competitors!$R$2:$R$101,0)),"")} | G57: =IF(B57="","",COUNTIFS(competitors!$C$2:$C$101,B57,competitors!$D$2:$D$101,C57,competitors!$H$2:$H$101,D57,competitors!$I$2:$I$101,E57,competitors!$L$2:$L$101,F57,competitors!$E$2:$E$101,"한국")) | H57: =IF(B57="","",COUNTIFS(competitors!$C$2:$C$101,B57,competitors!$D$2:$D$101,C57,competitors!$H$2:$H$101,D57,competitors!$I$2:$I$101,E57,competitors!$L$2:$L$101,F57)) | I57: =IF(B57="","",IF(G57>=5,"많음",IF(G57>=3,"중간",IF(G57>=1,"적음",IF(H57>=1,"가능","어려움"))))) | J57: {=IF(B57="","",TEXTJOIN(", ",TRUE(),IF((competitors!$C$2:$C$101=B57)*(competitors!$D$2:$D$101=C57)*(competitors!$H$2:$H$101=D57)*(competitors!$I$2:$I$101=E57)*(competitors!$L$2:$L$101=F57),competitors!$B$2:$B$101,"")))} | L57: =IF(B57="","",TODAY())
A58: =IF(B58="","","BM"&TEXT(ROW()-1,"000")) | B58: {=IFERROR(INDEX(competitors!$C$2:$C$101,MATCH(57,competitors!$R$2:$R$101,0)),"")} | C58: {=IFERROR(INDEX(competitors!$D$2:$D$101,MATCH(57,competitors!$R$2:$R$101,0)),"")} | D58: {=IFERROR(INDEX(competitors!$H$2:$H$101,MATCH(57,competitors!$R$2:$R$101,0)),"")} | E58: {=IFERROR(INDEX(competitors!$I$2:$I$101,MATCH(57,competitors!$R$2:$R$101,0)),"")} | F58: {=IFERROR(INDEX(competitors!$L$2:$L$101,MATCH(57,competitors!$R$2:$R$101,0)),"")} | G58: =IF(B58="","",COUNTIFS(competitors!$C$2:$C$101,B58,competitors!$D$2:$D$101,C58,competitors!$H$2:$H$101,D58,competitors!$I$2:$I$101,E58,competitors!$L$2:$L$101,F58,competitors!$E$2:$E$101,"한국")) | H58: =IF(B58="","",COUNTIFS(competitors!$C$2:$C$101,B58,competitors!$D$2:$D$101,C58,competitors!$H$2:$H$101,D58,competitors!$I$2:$I$101,E58,competitors!$L$2:$L$101,F58)) | I58: =IF(B58="","",IF(G58>=5,"많음",IF(G58>=3,"중간",IF(G58>=1,"적음",IF(H58>=1,"가능","어려움"))))) | J58: {=IF(B58="","",TEXTJOIN(", ",TRUE(),IF((competitors!$C$2:$C$101=B58)*(competitors!$D$2:$D$101=C58)*(competitors!$H$2:$H$101=D58)*(competitors!$I$2:$I$101=E58)*(competitors!$L$2:$L$101=F58),competitors!$B$2:$B$101,"")))} | L58: =IF(B58="","",TODAY())
A59: =IF(B59="","","BM"&TEXT(ROW()-1,"000")) | B59: {=IFERROR(INDEX(competitors!$C$2:$C$101,MATCH(58,competitors!$R$2:$R$101,0)),"")} | C59: {=IFERROR(INDEX(competitors!$D$2:$D$101,MATCH(58,competitors!$R$2:$R$101,0)),"")} | D59: {=IFERROR(INDEX(competitors!$H$2:$H$101,MATCH(58,competitors!$R$2:$R$101,0)),"")} | E59: {=IFERROR(INDEX(competitors!$I$2:$I$101,MATCH(58,competitors!$R$2:$R$101,0)),"")} | F59: {=IFERROR(INDEX(competitors!$L$2:$L$101,MATCH(58,competitors!$R$2:$R$101,0)),"")} | G59: =IF(B59="","",COUNTIFS(competitors!$C$2:$C$101,B59,competitors!$D$2:$D$101,C59,competitors!$H$2:$H$101,D59,competitors!$I$2:$I$101,E59,competitors!$L$2:$L$101,F59,competitors!$E$2:$E$101,"한국")) | H59: =IF(B59="","",COUNTIFS(competitors!$C$2:$C$101,B59,competitors!$D$2:$D$101,C59,competitors!$H$2:$H$101,D59,competitors!$I$2:$I$101,E59,competitors!$L$2:$L$101,F59)) | I59: =IF(B59="","",IF(G59>=5,"많음",IF(G59>=3,"중간",IF(G59>=1,"적음",IF(H59>=1,"가능","어려움"))))) | J59: {=IF(B59="","",TEXTJOIN(", ",TRUE(),IF((competitors!$C$2:$C$101=B59)*(competitors!$D$2:$D$101=C59)*(competitors!$H$2:$H$101=D59)*(competitors!$I$2:$I$101=E59)*(competitors!$L$2:$L$101=F59),competitors!$B$2:$B$101,"")))} | L59: =IF(B59="","",TODAY())
A60: =IF(B60="","","BM"&TEXT(ROW()-1,"000")) | B60: {=IFERROR(INDEX(competitors!$C$2:$C$101,MATCH(59,competitors!$R$2:$R$101,0)),"")} | C60: {=IFERROR(INDEX(competitors!$D$2:$D$101,MATCH(59,competitors!$R$2:$R$101,0)),"")} | D60: {=IFERROR(INDEX(competitors!$H$2:$H$101,MATCH(59,competitors!$R$2:$R$101,0)),"")} | E60: {=IFERROR(INDEX(competitors!$I$2:$I$101,MATCH(59,competitors!$R$2:$R$101,0)),"")} | F60: {=IFERROR(INDEX(competitors!$L$2:$L$101,MATCH(59,competitors!$R$2:$R$101,0)),"")} | G60: =IF(B60="","",COUNTIFS(competitors!$C$2:$C$101,B60,competitors!$D$2:$D$101,C60,competitors!$H$2:$H$101,D60,competitors!$I$2:$I$101,E60,competitors!$L$2:$L$101,F60,competitors!$E$2:$E$101,"한국")) | H60: =IF(B60="","",COUNTIFS(competitors!$C$2:$C$101,B60,competitors!$D$2:$D$101,C60,competitors!$H$2:$H$101,D60,competitors!$I$2:$I$101,E60,competitors!$L$2:$L$101,F60)) | I60: =IF(B60="","",IF(G60>=5,"많음",IF(G60>=3,"중간",IF(G60>=1,"적음",IF(H60>=1,"가능","어려움"))))) | J60: {=IF(B60="","",TEXTJOIN(", ",TRUE(),IF((competitors!$C$2:$C$101=B60)*(competitors!$D$2:$D$101=C60)*(competitors!$H$2:$H$101=D60)*(competitors!$I$2:$I$101=E60)*(competitors!$L$2:$L$101=F60),competitors!$B$2:$B$101,"")))} | L60: =IF(B60="","",TODAY())
A61: =IF(B61="","","BM"&TEXT(ROW()-1,"000")) | B61: {=IFERROR(INDEX(competitors!$C$2:$C$101,MATCH(60,competitors!$R$2:$R$101,0)),"")} | C61: {=IFERROR(INDEX(competitors!$D$2:$D$101,MATCH(60,competitors!$R$2:$R$101,0)),"")} | D61: {=IFERROR(INDEX(competitors!$H$2:$H$101,MATCH(60,competitors!$R$2:$R$101,0)),"")} | E61: {=IFERROR(INDEX(competitors!$I$2:$I$101,MATCH(60,competitors!$R$2:$R$101,0)),"")} | F61: {=IFERROR(INDEX(competitors!$L$2:$L$101,MATCH(60,competitors!$R$2:$R$101,0)),"")} | G61: =IF(B61="","",COUNTIFS(competitors!$C$2:$C$101,B61,competitors!$D$2:$D$101,C61,competitors!$H$2:$H$101,D61,competitors!$I$2:$I$101,E61,competitors!$L$2:$L$101,F61,competitors!$E$2:$E$101,"한국")) | H61: =IF(B61="","",COUNTIFS(competitors!$C$2:$C$101,B61,competitors!$D$2:$D$101,C61,competitors!$H$2:$H$101,D61,competitors!$I$2:$I$101,E61,competitors!$L$2:$L$101,F61)) | I61: =IF(B61="","",IF(G61>=5,"많음",IF(G61>=3,"중간",IF(G61>=1,"적음",IF(H61>=1,"가능","어려움"))))) | J61: {=IF(B61="","",TEXTJOIN(", ",TRUE(),IF((competitors!$C$2:$C$101=B61)*(competitors!$D$2:$D$101=C61)*(competitors!$H$2:$H$101=D61)*(competitors!$I$2:$I$101=E61)*(competitors!$L$2:$L$101=F61),competitors!$B$2:$B$101,"")))} | L61: =IF(B61="","",TODAY())
